tag,itens,categoria,modelo,serial,marca,valor,data_compra,fornecedor,po,nota_fiscal,uso,qtd,prateleira,rua,setor,local,box,conferido
IMP2508210115000,Item Importado,outros,,AUTO0217,,0.0,2025-08-21 01:15:44.741695,,PO-IMP-20250821,NF-IMP2508210115,Geral,1,A Definir,A Definir,Geral,HQ1 - 8º Andar,,False
IMP2508210115001,Item Importado,outros,,AUTO0217,,0.0,2025-08-21 01:15:44.741695,,PO-IMP-20250821,NF-IMP2508210115,Geral,1,A Definir,A Definir,Geral,HQ1 - 8º Andar,,False
IMP2508210115002,MODELO,outros,,AUTO0217,,0.0,2025-08-21 01:15:44.741695,,PO-IMP-20250821,NF-IMP2508210115,Geral,1,A Definir,A Definir,Geral,HQ1 - 8º Andar,,False
IMP2508210115003,P2719h,tv e monitor,,AUTO0217,,0.0,2025-08-21 01:15:44.741695,,PO-IMP-20250821,NF-IMP2508210115,Geral,1,A Definir,A Definir,Geral,HQ1 - 8º Andar,,False
IMP2508210115004,P2719h,tv e monitor,,AUTO0217,,0.0,2025-08-21 01:15:44.741695,,PO-IMP-20250821,NF-IMP2508210115,Geral,1,A Definir,A Definir,Geral,HQ1 - 8º Andar,,False
IMP2508210115005,P2719h,tv e monitor,,AUTO0217,,0.0,2025-08-21 01:15:44.741695,,PO-IMP-20250821,NF-IMP2508210115,Geral,1,A Definir,A Definir,Geral,HQ1 - 8º Andar,,False
IMP2508210115006,P2719h,tv e monitor,,AUTO0217,,0.0,2025-08-21 01:15:44.741695,,PO-IMP-20250821,NF-IMP2508210115,Geral,1,A Definir,A Definir,Geral,HQ1 - 8º Andar,,False
IMP2508210115007,P2719h,tv e monitor,,AUTO0217,,0.0,2025-08-21 01:15:44.741695,,PO-IMP-20250821,NF-IMP2508210115,Geral,1,A Definir,A Definir,Geral,HQ1 - 8º Andar,,False
IMP2508210115008,P2719h,tv e monitor,,AUTO0217,,0.0,2025-08-21 01:15:44.741695,,PO-IMP-20250821,NF-IMP2508210115,Geral,1,A Definir,A Definir,Geral,HQ1 - 8º Andar,,False
IMP2508210115009,P2719h,tv e monitor,,AUTO0217,,0.0,2025-08-21 01:15:44.741695,,PO-IMP-20250821,NF-IMP2508210115,Geral,1,A Definir,A Definir,Geral,HQ1 - 8º Andar,,False
IMP2508210115010,P2719h,tv e monitor,,AUTO0217,,0.0,2025-08-21 01:15:44.741695,,PO-IMP-20250821,NF-IMP2508210115,Geral,1,A Definir,A Definir,Geral,HQ1 - 8º Andar,,False
IMP2508210115011,P2719h,tv e monitor,,AUTO0217,,0.0,2025-08-21 01:15:44.741695,,PO-IMP-20250821,NF-IMP2508210115,Geral,1,A Definir,A Definir,Geral,HQ1 - 8º Andar,,False
IMP2508210115012,P2719h,tv e monitor,,AUTO0217,,0.0,2025-08-21 01:15:44.741695,,PO-IMP-20250821,NF-IMP2508210115,Geral,1,A Definir,A Definir,Geral,HQ1 - 8º Andar,,False
IMP2508210115013,P2719h,tv e monitor,,AUTO0217,,0.0,2025-08-21 01:15:44.741695,,PO-IMP-20250821,NF-IMP2508210115,Geral,1,A Definir,A Definir,Geral,HQ1 - 8º Andar,,False
IMP2508210115014,P2719h,tv e monitor,,AUTO0217,,0.0,2025-08-21 01:15:44.741695,,PO-IMP-20250821,NF-IMP2508210115,Geral,1,A Definir,A Definir,Geral,HQ1 - 8º Andar,,False
IMP2508210115015,P2719h,tv e monitor,,AUTO0217,,0.0,2025-08-21 01:15:44.741695,,PO-IMP-20250821,NF-IMP2508210115,Geral,1,A Definir,A Definir,Geral,HQ1 - 8º Andar,,False
IMP2508210115016,P2719h,tv e monitor,,AUTO0217,,0.0,2025-08-21 01:15:44.741695,,PO-IMP-20250821,NF-IMP2508210115,Geral,1,A Definir,A Definir,Geral,HQ1 - 8º Andar,,False
IMP2508210115017,P2719h,tv e monitor,,AUTO0217,,0.0,2025-08-21 01:15:44.741695,,PO-IMP-20250821,NF-IMP2508210115,Geral,1,A Definir,A Definir,Geral,HQ1 - 8º Andar,,False
IMP2508210115018,P2719h,tv e monitor,,AUTO0217,,0.0,2025-08-21 01:15:44.741695,,PO-IMP-20250821,NF-IMP2508210115,Geral,1,A Definir,A Definir,Geral,HQ1 - 8º Andar,,False
IMP2508210115019,P2719h,tv e monitor,,AUTO0217,,0.0,2025-08-21 01:15:44.741695,,PO-IMP-20250821,NF-IMP2508210115,Geral,1,A Definir,A Definir,Geral,HQ1 - 8º Andar,,False
IMP2508210115020,P2719h,tv e monitor,,AUTO0217,,0.0,2025-08-21 01:15:44.741695,,PO-IMP-20250821,NF-IMP2508210115,Geral,1,A Definir,A Definir,Geral,HQ1 - 8º Andar,,False
IMP2508210115021,P2719h,tv e monitor,,AUTO0217,,0.0,2025-08-21 01:15:44.741695,,PO-IMP-20250821,NF-IMP2508210115,Geral,1,A Definir,A Definir,Geral,HQ1 - 8º Andar,,False
IMP2508210115022,P2719h,tv e monitor,,AUTO0217,,0.0,2025-08-21 01:15:44.741695,,PO-IMP-20250821,NF-IMP2508210115,Geral,1,A Definir,A Definir,Geral,HQ1 - 8º Andar,,False
IMP2508210115023,P2719h,tv e monitor,,AUTO0217,,0.0,2025-08-21 01:15:44.741695,,PO-IMP-20250821,NF-IMP2508210115,Geral,1,A Definir,A Definir,Geral,HQ1 - 8º Andar,,False
IMP2508210115024,P2719h,tv e monitor,,AUTO0217,,0.0,2025-08-21 01:15:44.741695,,PO-IMP-20250821,NF-IMP2508210115,Geral,1,A Definir,A Definir,Geral,HQ1 - 8º Andar,,False
IMP2508210115025,P2719h,tv e monitor,,AUTO0217,,0.0,2025-08-21 01:15:44.741695,,PO-IMP-20250821,NF-IMP2508210115,Geral,1,A Definir,A Definir,Geral,HQ1 - 8º Andar,,False
IMP2508210115026,P2719h,tv e monitor,,AUTO0217,,0.0,2025-08-21 01:15:44.741695,,PO-IMP-20250821,NF-IMP2508210115,Geral,1,A Definir,A Definir,Geral,HQ1 - 8º Andar,,False
IMP2508210115027,P2719h,tv e monitor,,AUTO0217,,0.0,2025-08-21 01:15:44.741695,,PO-IMP-20250821,NF-IMP2508210115,Geral,1,A Definir,A Definir,Geral,HQ1 - 8º Andar,,False
IMP2508210115028,P2719h,tv e monitor,,AUTO0217,,0.0,2025-08-21 01:15:44.741695,,PO-IMP-20250821,NF-IMP2508210115,Geral,1,A Definir,A Definir,Geral,HQ1 - 8º Andar,,False
IMP2508210115029,P2719h,tv e monitor,,AUTO0217,,0.0,2025-08-21 01:15:44.741695,,PO-IMP-20250821,NF-IMP2508210115,Geral,1,A Definir,A Definir,Geral,HQ1 - 8º Andar,,False
IMP2508210115030,P2719h,tv e monitor,,AUTO0217,,0.0,2025-08-21 01:15:44.741695,,PO-IMP-20250821,NF-IMP2508210115,Geral,1,A Definir,A Definir,Geral,HQ1 - 8º Andar,,False
IMP2508210115031,P2719h,tv e monitor,,AUTO0217,,0.0,2025-08-21 01:15:44.741695,,PO-IMP-20250821,NF-IMP2508210115,Geral,1,A Definir,A Definir,Geral,HQ1 - 8º Andar,,False
IMP2508210115032,P2719h,tv e monitor,,AUTO0217,,0.0,2025-08-21 01:15:44.741695,,PO-IMP-20250821,NF-IMP2508210115,Geral,1,A Definir,A Definir,Geral,HQ1 - 8º Andar,,False
IMP2508210115033,P2719h,tv e monitor,,AUTO0217,,0.0,2025-08-21 01:15:44.741695,,PO-IMP-20250821,NF-IMP2508210115,Geral,1,A Definir,A Definir,Geral,HQ1 - 8º Andar,,False
IMP2508210115034,P2719h,tv e monitor,,AUTO0217,,0.0,2025-08-21 01:15:44.741695,,PO-IMP-20250821,NF-IMP2508210115,Geral,1,A Definir,A Definir,Geral,HQ1 - 8º Andar,,False
IMP2508210115035,P2719h,tv e monitor,,AUTO0217,,0.0,2025-08-21 01:15:44.741695,,PO-IMP-20250821,NF-IMP2508210115,Geral,1,A Definir,A Definir,Geral,HQ1 - 8º Andar,,False
IMP2508210115036,P2719h,tv e monitor,,AUTO0217,,0.0,2025-08-21 01:15:44.741695,,PO-IMP-20250821,NF-IMP2508210115,Geral,1,A Definir,A Definir,Geral,HQ1 - 8º Andar,,False
IMP2508210115037,P2719h,tv e monitor,,AUTO0217,,0.0,2025-08-21 01:15:44.741695,,PO-IMP-20250821,NF-IMP2508210115,Geral,1,A Definir,A Definir,Geral,HQ1 - 8º Andar,,False
IMP2508210115038,P2719h,tv e monitor,,AUTO0217,,0.0,2025-08-21 01:15:44.741695,,PO-IMP-20250821,NF-IMP2508210115,Geral,1,A Definir,A Definir,Geral,HQ1 - 8º Andar,,False
IMP2508210115039,P2719h,tv e monitor,,AUTO0217,,0.0,2025-08-21 01:15:44.741695,,PO-IMP-20250821,NF-IMP2508210115,Geral,1,A Definir,A Definir,Geral,HQ1 - 8º Andar,,False
IMP2508210115040,P2719h,tv e monitor,,AUTO0217,,0.0,2025-08-21 01:15:44.741695,,PO-IMP-20250821,NF-IMP2508210115,Geral,1,A Definir,A Definir,Geral,HQ1 - 8º Andar,,False
IMP2508210115041,P2719h,tv e monitor,,AUTO0217,,0.0,2025-08-21 01:15:44.741695,,PO-IMP-20250821,NF-IMP2508210115,Geral,1,A Definir,A Definir,Geral,HQ1 - 8º Andar,,False
IMP2508210115042,P2719h,tv e monitor,,AUTO0217,,0.0,2025-08-21 01:15:44.741695,,PO-IMP-20250821,NF-IMP2508210115,Geral,1,A Definir,A Definir,Geral,HQ1 - 8º Andar,,False
IMP2508210115043,P2719h,tv e monitor,,AUTO0217,,0.0,2025-08-21 01:15:44.741695,,PO-IMP-20250821,NF-IMP2508210115,Geral,1,A Definir,A Definir,Geral,HQ1 - 8º Andar,,False
IMP2508210115044,P2719h,tv e monitor,,AUTO0217,,0.0,2025-08-21 01:15:44.741695,,PO-IMP-20250821,NF-IMP2508210115,Geral,1,A Definir,A Definir,Geral,HQ1 - 8º Andar,,False
IMP2508210115045,P2719h,tv e monitor,,AUTO0217,,0.0,2025-08-21 01:15:44.741695,,PO-IMP-20250821,NF-IMP2508210115,Geral,1,A Definir,A Definir,Geral,HQ1 - 8º Andar,,False
IMP2508210115046,P2719h,tv e monitor,,AUTO0217,,0.0,2025-08-21 01:15:44.741695,,PO-IMP-20250821,NF-IMP2508210115,Geral,1,A Definir,A Definir,Geral,HQ1 - 8º Andar,,False
IMP2508210115047,P2719h,tv e monitor,,AUTO0217,,0.0,2025-08-21 01:15:44.741695,,PO-IMP-20250821,NF-IMP2508210115,Geral,1,A Definir,A Definir,Geral,HQ1 - 8º Andar,,False
IMP2508210115048,P2719h,tv e monitor,,AUTO0217,,0.0,2025-08-21 01:15:44.741695,,PO-IMP-20250821,NF-IMP2508210115,Geral,1,A Definir,A Definir,Geral,HQ1 - 8º Andar,,False
IMP2508210115049,P2719h,tv e monitor,,AUTO0217,,0.0,2025-08-21 01:15:44.741695,,PO-IMP-20250821,NF-IMP2508210115,Geral,1,A Definir,A Definir,Geral,HQ1 - 8º Andar,,False
IMP2508210115050,P2719h,tv e monitor,,AUTO0217,,0.0,2025-08-21 01:15:44.741695,,PO-IMP-20250821,NF-IMP2508210115,Geral,1,A Definir,A Definir,Geral,HQ1 - 8º Andar,,False
IMP2508210115051,P2719h,tv e monitor,,AUTO0217,,0.0,2025-08-21 01:15:44.741695,,PO-IMP-20250821,NF-IMP2508210115,Geral,1,A Definir,A Definir,Geral,HQ1 - 8º Andar,,False
IMP2508210115052,P2719h,tv e monitor,,AUTO0217,,0.0,2025-08-21 01:15:44.741695,,PO-IMP-20250821,NF-IMP2508210115,Geral,1,A Definir,A Definir,Geral,HQ1 - 8º Andar,,False
IMP2508210115053,P2719h,tv e monitor,,AUTO0217,,0.0,2025-08-21 01:15:44.741695,,PO-IMP-20250821,NF-IMP2508210115,Geral,1,A Definir,A Definir,Geral,HQ1 - 8º Andar,,False
IMP2508210115054,P2719h,tv e monitor,,AUTO0217,,0.0,2025-08-21 01:15:44.741695,,PO-IMP-20250821,NF-IMP2508210115,Geral,1,A Definir,A Definir,Geral,HQ1 - 8º Andar,,False
IMP2508210115055,P2719h,tv e monitor,,AUTO0217,,0.0,2025-08-21 01:15:44.741695,,PO-IMP-20250821,NF-IMP2508210115,Geral,1,A Definir,A Definir,Geral,HQ1 - 8º Andar,,False
IMP2508210115056,P2719h,tv e monitor,,AUTO0217,,0.0,2025-08-21 01:15:44.741695,,PO-IMP-20250821,NF-IMP2508210115,Geral,1,A Definir,A Definir,Geral,HQ1 - 8º Andar,,False
IMP2508210115057,P2719h,tv e monitor,,AUTO0217,,0.0,2025-08-21 01:15:44.741695,,PO-IMP-20250821,NF-IMP2508210115,Geral,1,A Definir,A Definir,Geral,HQ1 - 8º Andar,,False
IMP2508210115058,P2719h,tv e monitor,,AUTO0217,,0.0,2025-08-21 01:15:44.741695,,PO-IMP-20250821,NF-IMP2508210115,Geral,1,A Definir,A Definir,Geral,HQ1 - 8º Andar,,False
IMP2508210115059,P2719h,tv e monitor,,AUTO0217,,0.0,2025-08-21 01:15:44.741695,,PO-IMP-20250821,NF-IMP2508210115,Geral,1,A Definir,A Definir,Geral,HQ1 - 8º Andar,,False
IMP2508210115060,P2719h,tv e monitor,,AUTO0217,,0.0,2025-08-21 01:15:44.741695,,PO-IMP-20250821,NF-IMP2508210115,Geral,1,A Definir,A Definir,Geral,HQ1 - 8º Andar,,False
IMP2508210115061,P2719h,tv e monitor,,AUTO0217,,0.0,2025-08-21 01:15:44.741695,,PO-IMP-20250821,NF-IMP2508210115,Geral,1,A Definir,A Definir,Geral,HQ1 - 8º Andar,,False
IMP2508210115062,P2719h,tv e monitor,,AUTO0217,,0.0,2025-08-21 01:15:44.741695,,PO-IMP-20250821,NF-IMP2508210115,Geral,1,A Definir,A Definir,Geral,HQ1 - 8º Andar,,False
IMP2508210115063,P2719h,tv e monitor,,AUTO0217,,0.0,2025-08-21 01:15:44.741695,,PO-IMP-20250821,NF-IMP2508210115,Geral,1,A Definir,A Definir,Geral,HQ1 - 8º Andar,,False
IMP2508210115064,P2719h,tv e monitor,,AUTO0217,,0.0,2025-08-21 01:15:44.741695,,PO-IMP-20250821,NF-IMP2508210115,Geral,1,A Definir,A Definir,Geral,HQ1 - 8º Andar,,False
IMP2508210115065,P2719h,tv e monitor,,AUTO0217,,0.0,2025-08-21 01:15:44.741695,,PO-IMP-20250821,NF-IMP2508210115,Geral,1,A Definir,A Definir,Geral,HQ1 - 8º Andar,,False
IMP2508210115066,P2719h,tv e monitor,,AUTO0217,,0.0,2025-08-21 01:15:44.741695,,PO-IMP-20250821,NF-IMP2508210115,Geral,1,A Definir,A Definir,Geral,HQ1 - 8º Andar,,False
IMP2508210115067,P2719h,tv e monitor,,AUTO0217,,0.0,2025-08-21 01:15:44.741695,,PO-IMP-20250821,NF-IMP2508210115,Geral,1,A Definir,A Definir,Geral,HQ1 - 8º Andar,,False
IMP2508210115068,P2719h,tv e monitor,,AUTO0217,,0.0,2025-08-21 01:15:44.741695,,PO-IMP-20250821,NF-IMP2508210115,Geral,1,A Definir,A Definir,Geral,HQ1 - 8º Andar,,False
IMP2508210115069,P2719h,tv e monitor,,AUTO0217,,0.0,2025-08-21 01:15:44.741695,,PO-IMP-20250821,NF-IMP2508210115,Geral,1,A Definir,A Definir,Geral,HQ1 - 8º Andar,,False
IMP2508210115070,P2719h,tv e monitor,,AUTO0217,,0.0,2025-08-21 01:15:44.741695,,PO-IMP-20250821,NF-IMP2508210115,Geral,1,A Definir,A Definir,Geral,HQ1 - 8º Andar,,False
IMP2508210115071,P2719h,tv e monitor,,AUTO0217,,0.0,2025-08-21 01:15:44.741695,,PO-IMP-20250821,NF-IMP2508210115,Geral,1,A Definir,A Definir,Geral,HQ1 - 8º Andar,,False
IMP2508210115072,P2719h,tv e monitor,,AUTO0217,,0.0,2025-08-21 01:15:44.741695,,PO-IMP-20250821,NF-IMP2508210115,Geral,1,A Definir,A Definir,Geral,HQ1 - 8º Andar,,False
IMP2508210115073,P2719h,tv e monitor,,AUTO0217,,0.0,2025-08-21 01:15:44.741695,,PO-IMP-20250821,NF-IMP2508210115,Geral,1,A Definir,A Definir,Geral,HQ1 - 8º Andar,,False
IMP2508210115074,P2719h,tv e monitor,,AUTO0217,,0.0,2025-08-21 01:15:44.741695,,PO-IMP-20250821,NF-IMP2508210115,Geral,1,A Definir,A Definir,Geral,HQ1 - 8º Andar,,False
IMP2508210115075,P2719h,tv e monitor,,AUTO0217,,0.0,2025-08-21 01:15:44.741695,,PO-IMP-20250821,NF-IMP2508210115,Geral,1,A Definir,A Definir,Geral,HQ1 - 8º Andar,,False
IMP2508210115076,P2719h,tv e monitor,,AUTO0217,,0.0,2025-08-21 01:15:44.741695,,PO-IMP-20250821,NF-IMP2508210115,Geral,1,A Definir,A Definir,Geral,HQ1 - 8º Andar,,False
IMP2508210115077,P2719h,tv e monitor,,AUTO0217,,0.0,2025-08-21 01:15:44.741695,,PO-IMP-20250821,NF-IMP2508210115,Geral,1,A Definir,A Definir,Geral,HQ1 - 8º Andar,,False
IMP2508210115078,P2719h,tv e monitor,,AUTO0217,,0.0,2025-08-21 01:15:44.741695,,PO-IMP-20250821,NF-IMP2508210115,Geral,1,A Definir,A Definir,Geral,HQ1 - 8º Andar,,False
IMP2508210115079,P2719h,tv e monitor,,AUTO0217,,0.0,2025-08-21 01:15:44.741695,,PO-IMP-20250821,NF-IMP2508210115,Geral,1,A Definir,A Definir,Geral,HQ1 - 8º Andar,,False
IMP2508210115080,P2719h,tv e monitor,,AUTO0217,,0.0,2025-08-21 01:15:44.741695,,PO-IMP-20250821,NF-IMP2508210115,Geral,1,A Definir,A Definir,Geral,HQ1 - 8º Andar,,False
IMP2508210115081,P2719h,tv e monitor,,AUTO0217,,0.0,2025-08-21 01:15:44.741695,,PO-IMP-20250821,NF-IMP2508210115,Geral,1,A Definir,A Definir,Geral,HQ1 - 8º Andar,,False
IMP2508210115082,Item Importado,outros,,AUTO0217,,0.0,2025-08-21 01:15:44.741695,,PO-IMP-20250821,NF-IMP2508210115,Geral,1,A Definir,A Definir,Geral,HQ1 - 8º Andar,,False
IMP2508210115083,Item Importado,outros,,AUTO0217,,0.0,2025-08-21 01:15:44.741695,,PO-IMP-20250821,NF-IMP2508210115,Geral,1,A Definir,A Definir,Geral,HQ1 - 8º Andar,,False
IMP2508210115084,Item Importado,outros,,AUTO0217,,0.0,2025-08-21 01:15:44.741695,,PO-IMP-20250821,NF-IMP2508210115,Geral,1,A Definir,A Definir,Geral,HQ1 - 8º Andar,,False
IMP2508210115085,80 monitores,tv e monitor,,AUTO0217,,0.0,2025-08-21 01:15:44.741695,,PO-IMP-20250821,NF-IMP2508210115,Geral,1,A Definir,A Definir,Geral,HQ1 - 8º Andar,,False
IMP2508210115086,p2719h,tv e monitor,,AUTO0217,,0.0,2025-08-21 01:15:44.741695,,PO-IMP-20250821,NF-IMP2508210115,Geral,1,A Definir,A Definir,Geral,HQ1 - 8º Andar,,False
IMP2508210115087,p2719h,tv e monitor,,AUTO0217,,0.0,2025-08-21 01:15:44.741695,,PO-IMP-20250821,NF-IMP2508210115,Geral,1,A Definir,A Definir,Geral,HQ1 - 8º Andar,,False
IMP2508210115088,p2719h,tv e monitor,,AUTO0217,,0.0,2025-08-21 01:15:44.741695,,PO-IMP-20250821,NF-IMP2508210115,Geral,1,A Definir,A Definir,Geral,HQ1 - 8º Andar,,False
IMP2508210115089,p2719h,tv e monitor,,AUTO0217,,0.0,2025-08-21 01:15:44.741695,,PO-IMP-20250821,NF-IMP2508210115,Geral,1,A Definir,A Definir,Geral,HQ1 - 8º Andar,,False
IMP2508210115090,p2719h,tv e monitor,,AUTO0217,,0.0,2025-08-21 01:15:44.741695,,PO-IMP-20250821,NF-IMP2508210115,Geral,1,A Definir,A Definir,Geral,HQ1 - 8º Andar,,False
IMP2508210115091,p2719h,tv e monitor,,AUTO0217,,0.0,2025-08-21 01:15:44.741695,,PO-IMP-20250821,NF-IMP2508210115,Geral,1,A Definir,A Definir,Geral,HQ1 - 8º Andar,,False
IMP2508210115092,p2719h,tv e monitor,,AUTO0217,,0.0,2025-08-21 01:15:44.741695,,PO-IMP-20250821,NF-IMP2508210115,Geral,1,A Definir,A Definir,Geral,HQ1 - 8º Andar,,False
IMP2508210115093,p2719h,tv e monitor,,AUTO0217,,0.0,2025-08-21 01:15:44.741695,,PO-IMP-20250821,NF-IMP2508210115,Geral,1,A Definir,A Definir,Geral,HQ1 - 8º Andar,,False
IMP2508210115094,p2719h,tv e monitor,,AUTO0217,,0.0,2025-08-21 01:15:44.741695,,PO-IMP-20250821,NF-IMP2508210115,Geral,1,A Definir,A Definir,Geral,HQ1 - 8º Andar,,False
IMP2508210115095,p2719h,tv e monitor,,AUTO0217,,0.0,2025-08-21 01:15:44.741695,,PO-IMP-20250821,NF-IMP2508210115,Geral,1,A Definir,A Definir,Geral,HQ1 - 8º Andar,,False
IMP2508210115096,p2719h,tv e monitor,,AUTO0217,,0.0,2025-08-21 01:15:44.741695,,PO-IMP-20250821,NF-IMP2508210115,Geral,1,A Definir,A Definir,Geral,HQ1 - 8º Andar,,False
IMP2508210115097,p2719h,tv e monitor,,AUTO0217,,0.0,2025-08-21 01:15:44.741695,,PO-IMP-20250821,NF-IMP2508210115,Geral,1,A Definir,A Definir,Geral,HQ1 - 8º Andar,,False
IMP2508210115098,up2719h,tv e monitor,,AUTO0217,,0.0,2025-08-21 01:15:44.741695,,PO-IMP-20250821,NF-IMP2508210115,Geral,1,A Definir,A Definir,Geral,HQ1 - 8º Andar,,False
IMP2508210115099,up2719h,tv e monitor,,AUTO0217,,0.0,2025-08-21 01:15:44.741695,,PO-IMP-20250821,NF-IMP2508210115,Geral,1,A Definir,A Definir,Geral,HQ1 - 8º Andar,,False
IMP2508210115100,up2719h,tv e monitor,,AUTO0217,,0.0,2025-08-21 01:15:44.741695,,PO-IMP-20250821,NF-IMP2508210115,Geral,1,A Definir,A Definir,Geral,HQ1 - 8º Andar,,False
IMP2508210115101,up2719h,tv e monitor,,AUTO0217,,0.0,2025-08-21 01:15:44.741695,,PO-IMP-20250821,NF-IMP2508210115,Geral,1,A Definir,A Definir,Geral,HQ1 - 8º Andar,,False
IMP2508210115102,up2719h,tv e monitor,,AUTO0217,,0.0,2025-08-21 01:15:44.741695,,PO-IMP-20250821,NF-IMP2508210115,Geral,1,A Definir,A Definir,Geral,HQ1 - 8º Andar,,False
IMP2508210115103,up2719h,tv e monitor,,AUTO0217,,0.0,2025-08-21 01:15:44.741695,,PO-IMP-20250821,NF-IMP2508210115,Geral,1,A Definir,A Definir,Geral,HQ1 - 8º Andar,,False
IMP2508210115104,up2719h,tv e monitor,,AUTO0217,,0.0,2025-08-21 01:15:44.741695,,PO-IMP-20250821,NF-IMP2508210115,Geral,1,A Definir,A Definir,Geral,HQ1 - 8º Andar,,False
IMP2508210115105,up2719h,tv e monitor,,AUTO0217,,0.0,2025-08-21 01:15:44.741695,,PO-IMP-20250821,NF-IMP2508210115,Geral,1,A Definir,A Definir,Geral,HQ1 - 8º Andar,,False
IMP2508210115106,up2719h,tv e monitor,,AUTO0217,,0.0,2025-08-21 01:15:44.741695,,PO-IMP-20250821,NF-IMP2508210115,Geral,1,A Definir,A Definir,Geral,HQ1 - 8º Andar,,False
IMP2508210115107,up2719h,tv e monitor,,AUTO0217,,0.0,2025-08-21 01:15:44.741695,,PO-IMP-20250821,NF-IMP2508210115,Geral,1,A Definir,A Definir,Geral,HQ1 - 8º Andar,,False
IMP2508210115108,up2719h,tv e monitor,,AUTO0217,,0.0,2025-08-21 01:15:44.741695,,PO-IMP-20250821,NF-IMP2508210115,Geral,1,A Definir,A Definir,Geral,HQ1 - 8º Andar,,False
IMP2508210115109,up2719h,tv e monitor,,AUTO0217,,0.0,2025-08-21 01:15:44.741695,,PO-IMP-20250821,NF-IMP2508210115,Geral,1,A Definir,A Definir,Geral,HQ1 - 8º Andar,,False
IMP2508210115110,up2719h,tv e monitor,,AUTO0217,,0.0,2025-08-21 01:15:44.741695,,PO-IMP-20250821,NF-IMP2508210115,Geral,1,A Definir,A Definir,Geral,HQ1 - 8º Andar,,False
IMP2508210115111,up2719h,tv e monitor,,AUTO0217,,0.0,2025-08-21 01:15:44.741695,,PO-IMP-20250821,NF-IMP2508210115,Geral,1,A Definir,A Definir,Geral,HQ1 - 8º Andar,,False
IMP2508210115112,up2719h,tv e monitor,,AUTO0217,,0.0,2025-08-21 01:15:44.741695,,PO-IMP-20250821,NF-IMP2508210115,Geral,1,A Definir,A Definir,Geral,HQ1 - 8º Andar,,False
IMP2508210115113,up2719h,tv e monitor,,AUTO0217,,0.0,2025-08-21 01:15:44.741695,,PO-IMP-20250821,NF-IMP2508210115,Geral,1,A Definir,A Definir,Geral,HQ1 - 8º Andar,,False
IMP2508210115114,up2719h,tv e monitor,,AUTO0217,,0.0,2025-08-21 01:15:44.741695,,PO-IMP-20250821,NF-IMP2508210115,Geral,1,A Definir,A Definir,Geral,HQ1 - 8º Andar,,False
IMP2508210115115,up2719h,tv e monitor,,AUTO0217,,0.0,2025-08-21 01:15:44.741695,,PO-IMP-20250821,NF-IMP2508210115,Geral,1,A Definir,A Definir,Geral,HQ1 - 8º Andar,,False
IMP2508210115116,up2719h,tv e monitor,,AUTO0217,,0.0,2025-08-21 01:15:44.741695,,PO-IMP-20250821,NF-IMP2508210115,Geral,1,A Definir,A Definir,Geral,HQ1 - 8º Andar,,False
IMP2508210115117,up2719h,tv e monitor,,AUTO0217,,0.0,2025-08-21 01:15:44.741695,,PO-IMP-20250821,NF-IMP2508210115,Geral,1,A Definir,A Definir,Geral,HQ1 - 8º Andar,,False
IMP2508210115118,up2719h,tv e monitor,,AUTO0217,,0.0,2025-08-21 01:15:44.741695,,PO-IMP-20250821,NF-IMP2508210115,Geral,1,A Definir,A Definir,Geral,HQ1 - 8º Andar,,False
IMP2508210115119,up2719h,tv e monitor,,AUTO0217,,0.0,2025-08-21 01:15:44.741695,,PO-IMP-20250821,NF-IMP2508210115,Geral,1,A Definir,A Definir,Geral,HQ1 - 8º Andar,,False
IMP2508210115120,up2719h,tv e monitor,,AUTO0217,,0.0,2025-08-21 01:15:44.741695,,PO-IMP-20250821,NF-IMP2508210115,Geral,1,A Definir,A Definir,Geral,HQ1 - 8º Andar,,False
IMP2508210115121,up2719h,tv e monitor,,AUTO0217,,0.0,2025-08-21 01:15:44.741695,,PO-IMP-20250821,NF-IMP2508210115,Geral,1,A Definir,A Definir,Geral,HQ1 - 8º Andar,,False
IMP2508210115122,up2719h,tv e monitor,,AUTO0217,,0.0,2025-08-21 01:15:44.741695,,PO-IMP-20250821,NF-IMP2508210115,Geral,1,A Definir,A Definir,Geral,HQ1 - 8º Andar,,False
IMP2508210115123,up2719h,tv e monitor,,AUTO0217,,0.0,2025-08-21 01:15:44.741695,,PO-IMP-20250821,NF-IMP2508210115,Geral,1,A Definir,A Definir,Geral,HQ1 - 8º Andar,,False
IMP2508210115124,up2719h,tv e monitor,,AUTO0217,,0.0,2025-08-21 01:15:44.741695,,PO-IMP-20250821,NF-IMP2508210115,Geral,1,A Definir,A Definir,Geral,HQ1 - 8º Andar,,False
IMP2508210115125,up2719h,tv e monitor,,AUTO0217,,0.0,2025-08-21 01:15:44.741695,,PO-IMP-20250821,NF-IMP2508210115,Geral,1,A Definir,A Definir,Geral,HQ1 - 8º Andar,,False
IMP2508210115126,up2719h,tv e monitor,,AUTO0217,,0.0,2025-08-21 01:15:44.741695,,PO-IMP-20250821,NF-IMP2508210115,Geral,1,A Definir,A Definir,Geral,HQ1 - 8º Andar,,False
IMP2508210115127,up2719h,tv e monitor,,AUTO0217,,0.0,2025-08-21 01:15:44.741695,,PO-IMP-20250821,NF-IMP2508210115,Geral,1,A Definir,A Definir,Geral,HQ1 - 8º Andar,,False
IMP2508210115128,up2719h,tv e monitor,,AUTO0217,,0.0,2025-08-21 01:15:44.741695,,PO-IMP-20250821,NF-IMP2508210115,Geral,1,A Definir,A Definir,Geral,HQ1 - 8º Andar,,False
IMP2508210115129,up2719h,tv e monitor,,AUTO0217,,0.0,2025-08-21 01:15:44.741695,,PO-IMP-20250821,NF-IMP2508210115,Geral,1,A Definir,A Definir,Geral,HQ1 - 8º Andar,,False
IMP2508210115130,up2719h,tv e monitor,,AUTO0217,,0.0,2025-08-21 01:15:44.741695,,PO-IMP-20250821,NF-IMP2508210115,Geral,1,A Definir,A Definir,Geral,HQ1 - 8º Andar,,False
IMP2508210115131,up2719h,tv e monitor,,AUTO0217,,0.0,2025-08-21 01:15:44.741695,,PO-IMP-20250821,NF-IMP2508210115,Geral,1,A Definir,A Definir,Geral,HQ1 - 8º Andar,,False
IMP2508210115132,up2719h,tv e monitor,,AUTO0217,,0.0,2025-08-21 01:15:44.741695,,PO-IMP-20250821,NF-IMP2508210115,Geral,1,A Definir,A Definir,Geral,HQ1 - 8º Andar,,False
IMP2508210115133,up2719h,tv e monitor,,AUTO0217,,0.0,2025-08-21 01:15:44.741695,,PO-IMP-20250821,NF-IMP2508210115,Geral,1,A Definir,A Definir,Geral,HQ1 - 8º Andar,,False
IMP2508210115134,up2719h,tv e monitor,,AUTO0217,,0.0,2025-08-21 01:15:44.741695,,PO-IMP-20250821,NF-IMP2508210115,Geral,1,A Definir,A Definir,Geral,HQ1 - 8º Andar,,False
IMP2508210115135,up2719h,tv e monitor,,AUTO0217,,0.0,2025-08-21 01:15:44.741695,,PO-IMP-20250821,NF-IMP2508210115,Geral,1,A Definir,A Definir,Geral,HQ1 - 8º Andar,,False
IMP2508210115136,up2719h,tv e monitor,,AUTO0217,,0.0,2025-08-21 01:15:44.741695,,PO-IMP-20250821,NF-IMP2508210115,Geral,1,A Definir,A Definir,Geral,HQ1 - 8º Andar,,False
IMP2508210115137,up2719h,tv e monitor,,AUTO0217,,0.0,2025-08-21 01:15:44.741695,,PO-IMP-20250821,NF-IMP2508210115,Geral,1,A Definir,A Definir,Geral,HQ1 - 8º Andar,,False
IMP2508210115138,up2719h,tv e monitor,,AUTO0217,,0.0,2025-08-21 01:15:44.741695,,PO-IMP-20250821,NF-IMP2508210115,Geral,1,A Definir,A Definir,Geral,HQ1 - 8º Andar,,False
IMP2508210115139,up2719h,tv e monitor,,AUTO0217,,0.0,2025-08-21 01:15:44.741695,,PO-IMP-20250821,NF-IMP2508210115,Geral,1,A Definir,A Definir,Geral,HQ1 - 8º Andar,,False
IMP2508210115140,up2719h,tv e monitor,,AUTO0217,,0.0,2025-08-21 01:15:44.741695,,PO-IMP-20250821,NF-IMP2508210115,Geral,1,A Definir,A Definir,Geral,HQ1 - 8º Andar,,False
IMP2508210115141,up2719h,tv e monitor,,AUTO0217,,0.0,2025-08-21 01:15:44.741695,,PO-IMP-20250821,NF-IMP2508210115,Geral,1,A Definir,A Definir,Geral,HQ1 - 8º Andar,,False
IMP2508210115142,p2719h,tv e monitor,,AUTO0217,,0.0,2025-08-21 01:15:44.741695,,PO-IMP-20250821,NF-IMP2508210115,Geral,1,A Definir,A Definir,Geral,HQ1 - 8º Andar,,False
IMP2508210115143,p2719h,tv e monitor,,AUTO0217,,0.0,2025-08-21 01:15:44.741695,,PO-IMP-20250821,NF-IMP2508210115,Geral,1,A Definir,A Definir,Geral,HQ1 - 8º Andar,,False
IMP2508210115144,p2719h,tv e monitor,,AUTO0217,,0.0,2025-08-21 01:15:44.741695,,PO-IMP-20250821,NF-IMP2508210115,Geral,1,A Definir,A Definir,Geral,HQ1 - 8º Andar,,False
IMP2508210115145,p2719h,tv e monitor,,AUTO0217,,0.0,2025-08-21 01:15:44.741695,,PO-IMP-20250821,NF-IMP2508210115,Geral,1,A Definir,A Definir,Geral,HQ1 - 8º Andar,,False
IMP2508210115146,p2719h,tv e monitor,,AUTO0217,,0.0,2025-08-21 01:15:44.741695,,PO-IMP-20250821,NF-IMP2508210115,Geral,1,A Definir,A Definir,Geral,HQ1 - 8º Andar,,False
IMP2508210115147,p2719h,tv e monitor,,AUTO0217,,0.0,2025-08-21 01:15:44.741695,,PO-IMP-20250821,NF-IMP2508210115,Geral,1,A Definir,A Definir,Geral,HQ1 - 8º Andar,,False
IMP2508210115148,p2719h,tv e monitor,,AUTO0217,,0.0,2025-08-21 01:15:44.741695,,PO-IMP-20250821,NF-IMP2508210115,Geral,1,A Definir,A Definir,Geral,HQ1 - 8º Andar,,False
IMP2508210115149,p2719h,tv e monitor,,AUTO0217,,0.0,2025-08-21 01:15:44.741695,,PO-IMP-20250821,NF-IMP2508210115,Geral,1,A Definir,A Definir,Geral,HQ1 - 8º Andar,,False
IMP2508210115150,p2719h,tv e monitor,,AUTO0217,,0.0,2025-08-21 01:15:44.741695,,PO-IMP-20250821,NF-IMP2508210115,Geral,1,A Definir,A Definir,Geral,HQ1 - 8º Andar,,False
IMP2508210115151,p2719h,tv e monitor,,AUTO0217,,0.0,2025-08-21 01:15:44.741695,,PO-IMP-20250821,NF-IMP2508210115,Geral,1,A Definir,A Definir,Geral,HQ1 - 8º Andar,,False
IMP2508210115152,p2719h,tv e monitor,,AUTO0217,,0.0,2025-08-21 01:15:44.741695,,PO-IMP-20250821,NF-IMP2508210115,Geral,1,A Definir,A Definir,Geral,HQ1 - 8º Andar,,False
IMP2508210115153,p2719h,tv e monitor,,AUTO0217,,0.0,2025-08-21 01:15:44.741695,,PO-IMP-20250821,NF-IMP2508210115,Geral,1,A Definir,A Definir,Geral,HQ1 - 8º Andar,,False
IMP2508210115154,p2719h,tv e monitor,,AUTO0217,,0.0,2025-08-21 01:15:44.741695,,PO-IMP-20250821,NF-IMP2508210115,Geral,1,A Definir,A Definir,Geral,HQ1 - 8º Andar,,False
IMP2508210115155,p2719h,tv e monitor,,AUTO0217,,0.0,2025-08-21 01:15:44.741695,,PO-IMP-20250821,NF-IMP2508210115,Geral,1,A Definir,A Definir,Geral,HQ1 - 8º Andar,,False
IMP2508210115156,p2719h,tv e monitor,,AUTO0217,,0.0,2025-08-21 01:15:44.741695,,PO-IMP-20250821,NF-IMP2508210115,Geral,1,A Definir,A Definir,Geral,HQ1 - 8º Andar,,False
IMP2508210115157,p2719h,tv e monitor,,AUTO0217,,0.0,2025-08-21 01:15:44.741695,,PO-IMP-20250821,NF-IMP2508210115,Geral,1,A Definir,A Definir,Geral,HQ1 - 8º Andar,,False
IMP2508210115158,p2719h,tv e monitor,,AUTO0217,,0.0,2025-08-21 01:15:44.741695,,PO-IMP-20250821,NF-IMP2508210115,Geral,1,A Definir,A Definir,Geral,HQ1 - 8º Andar,,False
IMP2508210115159,p2719h,tv e monitor,,AUTO0217,,0.0,2025-08-21 01:15:44.741695,,PO-IMP-20250821,NF-IMP2508210115,Geral,1,A Definir,A Definir,Geral,HQ1 - 8º Andar,,False
IMP2508210115160,p2719h,tv e monitor,,AUTO0217,,0.0,2025-08-21 01:15:44.741695,,PO-IMP-20250821,NF-IMP2508210115,Geral,1,A Definir,A Definir,Geral,HQ1 - 8º Andar,,False
IMP2508210115161,p2719h,tv e monitor,,AUTO0217,,0.0,2025-08-21 01:15:44.741695,,PO-IMP-20250821,NF-IMP2508210115,Geral,1,A Definir,A Definir,Geral,HQ1 - 8º Andar,,False
IMP2508210115162,p2719h,tv e monitor,,AUTO0217,,0.0,2025-08-21 01:15:44.741695,,PO-IMP-20250821,NF-IMP2508210115,Geral,1,A Definir,A Definir,Geral,HQ1 - 8º Andar,,False
IMP2508210115163,p2719h,tv e monitor,,AUTO0217,,0.0,2025-08-21 01:15:44.741695,,PO-IMP-20250821,NF-IMP2508210115,Geral,1,A Definir,A Definir,Geral,HQ1 - 8º Andar,,False
IMP2508210115164,p2719h,tv e monitor,,AUTO0217,,0.0,2025-08-21 01:15:44.741695,,PO-IMP-20250821,NF-IMP2508210115,Geral,1,A Definir,A Definir,Geral,HQ1 - 8º Andar,,False
IMP2508210115165,p2719h,tv e monitor,,AUTO0217,,0.0,2025-08-21 01:15:44.741695,,PO-IMP-20250821,NF-IMP2508210115,Geral,1,A Definir,A Definir,Geral,HQ1 - 8º Andar,,False
IMP2508210115166,p2719h,tv e monitor,,AUTO0217,,0.0,2025-08-21 01:15:44.741695,,PO-IMP-20250821,NF-IMP2508210115,Geral,1,A Definir,A Definir,Geral,HQ1 - 8º Andar,,False
IMP2508210115167,Item Importado,outros,,AUTO0217,,0.0,2025-08-21 01:15:44.741695,,PO-IMP-20250821,NF-IMP2508210115,Geral,1,A Definir,A Definir,Geral,HQ1 - 8º Andar,,False
IMP2508210115168,Item Importado,outros,,AUTO0217,,0.0,2025-08-21 01:15:44.741695,,PO-IMP-20250821,NF-IMP2508210115,Geral,1,A Definir,A Definir,Geral,HQ1 - 8º Andar,,False
IMP2508210115169,TVS,tv e monitor,,AUTO0217,,0.0,2025-08-21 01:15:44.741695,,PO-IMP-20250821,NF-IMP2508210115,Geral,1,A Definir,A Definir,Geral,HQ1 - 8º Andar,,False
IMP2508210115170,Tipo,outros,,AUTO0217,,0.0,2025-08-21 01:15:44.741695,,PO-IMP-20250821,NF-IMP2508210115,Geral,1,A Definir,A Definir,Geral,HQ1 - 8º Andar,,False
IMP2508210115171,TV,tv e monitor,,AUTO0217,,0.0,2025-08-21 01:15:44.741695,,PO-IMP-20250821,NF-IMP2508210115,Geral,1,A Definir,A Definir,Geral,HQ1 - 8º Andar,,False
IMP2508210115172,TV,tv e monitor,,AUTO0217,,0.0,2025-08-21 01:15:44.741695,,PO-IMP-20250821,NF-IMP2508210115,Geral,1,A Definir,A Definir,Geral,HQ1 - 8º Andar,,False
IMP2508210115173,TV,tv e monitor,,AUTO0217,,0.0,2025-08-21 01:15:44.741695,,PO-IMP-20250821,NF-IMP2508210115,Geral,1,A Definir,A Definir,Geral,HQ1 - 8º Andar,,False
IMP2508210115174,Video Wall,outros,,AUTO0217,,0.0,2025-08-21 01:15:44.741695,,PO-IMP-20250821,NF-IMP2508210115,Geral,1,A Definir,A Definir,Geral,HQ1 - 8º Andar,,False
IMP2508210115175,Video Wall,outros,,AUTO0217,,0.0,2025-08-21 01:15:44.741695,,PO-IMP-20250821,NF-IMP2508210115,Geral,1,A Definir,A Definir,Geral,HQ1 - 8º Andar,,False
IMP2508210115176,TV,tv e monitor,,AUTO0217,,0.0,2025-08-21 01:15:44.741695,,PO-IMP-20250821,NF-IMP2508210115,Geral,1,A Definir,A Definir,Geral,HQ1 - 8º Andar,,False
IMP2508210115177,TV,tv e monitor,,AUTO0217,,0.0,2025-08-21 01:15:44.741695,,PO-IMP-20250821,NF-IMP2508210115,Geral,1,A Definir,A Definir,Geral,HQ1 - 8º Andar,,False
IMP2508210115178,TV,tv e monitor,,AUTO0217,,0.0,2025-08-21 01:15:44.741695,,PO-IMP-20250821,NF-IMP2508210115,Geral,1,A Definir,A Definir,Geral,HQ1 - 8º Andar,,False
IMP2508210115179,TV,tv e monitor,,AUTO0217,,0.0,2025-08-21 01:15:44.741695,,PO-IMP-20250821,NF-IMP2508210115,Geral,1,A Definir,A Definir,Geral,HQ1 - 8º Andar,,False
IMP2508210115180,Video Wall,outros,,AUTO0217,,0.0,2025-08-21 01:15:44.741695,,PO-IMP-20250821,NF-IMP2508210115,Geral,1,A Definir,A Definir,Geral,HQ1 - 8º Andar,,False
IMP2508210115181,Video Wall,outros,,AUTO0217,,0.0,2025-08-21 01:15:44.741695,,PO-IMP-20250821,NF-IMP2508210115,Geral,1,A Definir,A Definir,Geral,HQ1 - 8º Andar,,False
IMP2508210115182,TV,tv e monitor,,AUTO0217,,0.0,2025-08-21 01:15:44.741695,,PO-IMP-20250821,NF-IMP2508210115,Geral,1,A Definir,A Definir,Geral,HQ1 - 8º Andar,,False
IMP2508210115183,Monitor,tv e monitor,,AUTO0217,,0.0,2025-08-21 01:15:44.741695,,PO-IMP-20250821,NF-IMP2508210115,Geral,1,A Definir,A Definir,Geral,HQ1 - 8º Andar,,False
IMP2508210115184,Monitor,tv e monitor,,AUTO0217,,0.0,2025-08-21 01:15:44.741695,,PO-IMP-20250821,NF-IMP2508210115,Geral,1,A Definir,A Definir,Geral,HQ1 - 8º Andar,,False
IMP2508210115185,Monitor,tv e monitor,,AUTO0217,,0.0,2025-08-21 01:15:44.741695,,PO-IMP-20250821,NF-IMP2508210115,Geral,1,A Definir,A Definir,Geral,HQ1 - 8º Andar,,False
IMP2508210115186,Monitor,tv e monitor,,AUTO0217,,0.0,2025-08-21 01:15:44.741695,,PO-IMP-20250821,NF-IMP2508210115,Geral,1,A Definir,A Definir,Geral,HQ1 - 8º Andar,,False
IMP2508210115187,TV,tv e monitor,,AUTO0217,,0.0,2025-08-21 01:15:44.741695,,PO-IMP-20250821,NF-IMP2508210115,Geral,1,A Definir,A Definir,Geral,HQ1 - 8º Andar,,False
IMP2508210115188,TV,tv e monitor,,AUTO0217,,0.0,2025-08-21 01:15:44.741695,,PO-IMP-20250821,NF-IMP2508210115,Geral,1,A Definir,A Definir,Geral,HQ1 - 8º Andar,,False
IMP2508210115189,TV,tv e monitor,,AUTO0217,,0.0,2025-08-21 01:15:44.741695,,PO-IMP-20250821,NF-IMP2508210115,Geral,1,A Definir,A Definir,Geral,HQ1 - 8º Andar,,False
IMP2508210115190,TV,tv e monitor,,AUTO0217,,0.0,2025-08-21 01:15:44.741695,,PO-IMP-20250821,NF-IMP2508210115,Geral,1,A Definir,A Definir,Geral,HQ1 - 8º Andar,,False
IMP2508210115191,TV,tv e monitor,,AUTO0217,,0.0,2025-08-21 01:15:44.741695,,PO-IMP-20250821,NF-IMP2508210115,Geral,1,A Definir,A Definir,Geral,HQ1 - 8º Andar,,False
IMP2508210115192,TV,tv e monitor,,AUTO0217,,0.0,2025-08-21 01:15:44.741695,,PO-IMP-20250821,NF-IMP2508210115,Geral,1,A Definir,A Definir,Geral,HQ1 - 8º Andar,,False
IMP2508210115193,TV,tv e monitor,,AUTO0217,,0.0,2025-08-21 01:15:44.741695,,PO-IMP-20250821,NF-IMP2508210115,Geral,1,A Definir,A Definir,Geral,HQ1 - 8º Andar,,False
IMP2508210115194,TV,tv e monitor,,AUTO0217,,0.0,2025-08-21 01:15:44.741695,,PO-IMP-20250821,NF-IMP2508210115,Geral,1,A Definir,A Definir,Geral,HQ1 - 8º Andar,,False
IMP2508210115195,TV,tv e monitor,,AUTO0217,,0.0,2025-08-21 01:15:44.741695,,PO-IMP-20250821,NF-IMP2508210115,Geral,1,A Definir,A Definir,Geral,HQ1 - 8º Andar,,False
IMP2508210115196,Marca,outros,,AUTO0217,,0.0,2025-08-21 01:15:44.741695,,PO-IMP-20250821,NF-IMP2508210115,Geral,1,A Definir,A Definir,Geral,HQ1 - 8º Andar,,False
IMP2508210115197,Samsung,outros,,AUTO0217,,0.0,2025-08-21 01:15:44.741695,,PO-IMP-20250821,NF-IMP2508210115,Geral,1,A Definir,A Definir,Geral,HQ1 - 8º Andar,,False
IMP2508210115198,Samsung,outros,,AUTO0217,,0.0,2025-08-21 01:15:44.741695,,PO-IMP-20250821,NF-IMP2508210115,Geral,1,A Definir,A Definir,Geral,HQ1 - 8º Andar,,False
IMP2508210115199,Samsung,outros,,AUTO0217,,0.0,2025-08-21 01:15:44.741695,,PO-IMP-20250821,NF-IMP2508210115,Geral,1,A Definir,A Definir,Geral,HQ1 - 8º Andar,,False
IMP2508210115200,Philips,outros,,AUTO0217,,0.0,2025-08-21 01:15:44.741695,,PO-IMP-20250821,NF-IMP2508210115,Geral,1,A Definir,A Definir,Geral,HQ1 - 8º Andar,,False
IMP2508210115201,Samsung,outros,,AUTO0217,,0.0,2025-08-21 01:15:44.741695,,PO-IMP-20250821,NF-IMP2508210115,Geral,1,A Definir,A Definir,Geral,HQ1 - 8º Andar,,False
IMP2508210115202,Samsung,outros,,AUTO0217,,0.0,2025-08-21 01:15:44.741695,,PO-IMP-20250821,NF-IMP2508210115,Geral,1,A Definir,A Definir,Geral,HQ1 - 8º Andar,,False
IMP2508210115203,Samsung,outros,,AUTO0217,,0.0,2025-08-21 01:15:44.741695,,PO-IMP-20250821,NF-IMP2508210115,Geral,1,A Definir,A Definir,Geral,HQ1 - 8º Andar,,False
IMP2508210115204,Philco,outros,,AUTO0217,,0.0,2025-08-21 01:15:44.741695,,PO-IMP-20250821,NF-IMP2508210115,Geral,1,A Definir,A Definir,Geral,HQ1 - 8º Andar,,False
IMP2508210115205,LG,outros,,AUTO0217,,0.0,2025-08-21 01:15:44.741695,,PO-IMP-20250821,NF-IMP2508210115,Geral,1,A Definir,A Definir,Geral,HQ1 - 8º Andar,,False
IMP2508210115206,LG,outros,,AUTO0217,,0.0,2025-08-21 01:15:44.741695,,PO-IMP-20250821,NF-IMP2508210115,Geral,1,A Definir,A Definir,Geral,HQ1 - 8º Andar,,False
IMP2508210115207,LG,outros,,AUTO0217,,0.0,2025-08-21 01:15:44.741695,,PO-IMP-20250821,NF-IMP2508210115,Geral,1,A Definir,A Definir,Geral,HQ1 - 8º Andar,,False
IMP2508210115208,Samsung,outros,,AUTO0217,,0.0,2025-08-21 01:15:44.741695,,PO-IMP-20250821,NF-IMP2508210115,Geral,1,A Definir,A Definir,Geral,HQ1 - 8º Andar,,False
IMP2508210115209,Sony,outros,,AUTO0217,,0.0,2025-08-21 01:15:44.741695,,PO-IMP-20250821,NF-IMP2508210115,Geral,1,A Definir,A Definir,Geral,HQ1 - 8º Andar,,False
IMP2508210115210,LG,outros,,AUTO0217,,0.0,2025-08-21 01:15:44.741695,,PO-IMP-20250821,NF-IMP2508210115,Geral,1,A Definir,A Definir,Geral,HQ1 - 8º Andar,,False
IMP2508210115211,Samsung,outros,,AUTO0217,,0.0,2025-08-21 01:15:44.741695,,PO-IMP-20250821,NF-IMP2508210115,Geral,1,A Definir,A Definir,Geral,HQ1 - 8º Andar,,False
IMP2508210115212,LG,outros,,AUTO0217,,0.0,2025-08-21 01:15:44.741695,,PO-IMP-20250821,NF-IMP2508210115,Geral,1,A Definir,A Definir,Geral,HQ1 - 8º Andar,,False
IMP2508210115213,LG,outros,,AUTO0217,,0.0,2025-08-21 01:15:44.741695,,PO-IMP-20250821,NF-IMP2508210115,Geral,1,A Definir,A Definir,Geral,HQ1 - 8º Andar,,False
IMP2508210115214,LG,outros,,AUTO0217,,0.0,2025-08-21 01:15:44.741695,,PO-IMP-20250821,NF-IMP2508210115,Geral,1,A Definir,A Definir,Geral,HQ1 - 8º Andar,,False
IMP2508210115215,Samsung,outros,,AUTO0217,,0.0,2025-08-21 01:15:44.741695,,PO-IMP-20250821,NF-IMP2508210115,Geral,1,A Definir,A Definir,Geral,HQ1 - 8º Andar,,False
