txn_id,customer_id,ts,amount,mcc,channel,country,is_refund,label_fraud,merchant,installments,fee_rate,category_hint
1,18,2025-02-01 07:00:00,33.33,5411,card,BR,0,0,SUPERMARKET SA,2,0.01,groceries
2,92,2025-06-26 20:00:00,31.4,5411,card,BR,0,0,GROCERY MART,1,0.01,groceries
3,5,2025-07-10 15:00:00,35.46,6011,card,BR,0,0,ATM SAQUE,3,0.01,cash
4,65,2025-05-30 09:00:00,8.1,5942,card,BR,0,0,LIVRARIA CENTRAL,6,0.01,books
5,36,2025-07-14 19:00:00,35.94,5942,card,BR,0,0,LIVRARIA CENTRAL,1,0.01,books
6,56,2025-06-13 10:00:00,26.65,5942,card,BR,0,0,LIVRARIA CENTRAL,1,0.01,books
7,94,2025-06-08 10:00:00,16.48,5812,card,BR,0,0,PIZZA & CO,1,0.01,dining
8,75,2025-05-08 10:00:00,22.23,6011,card,BR,0,0,ATM SAQUE,3,0.01,cash
9,88,2025-02-06 20:00:00,71.33,5411,card,BR,0,0,HIPER MAIS,1,0.01,groceries
10,69,2025-01-27 13:00:00,6.6,5411,card,BR,0,0,HIPER MAIS,1,0.01,groceries
11,94,2025-07-03 22:00:00,55.86,5411,card,BR,0,0,SUPERMARKET SA,1,0.01,groceries
12,61,2025-04-15 03:00:00,39.0,5812,card,BR,0,0,SUSHI RIO,1,0.01,dining
13,108,2025-05-16 10:00:00,20.65,5942,card,BR,0,0,LIVRARIA CENTRAL,1,0.01,books
14,81,2025-06-23 21:00:00,34.15,5812,card,BR,0,0,PIZZA & CO,1,0.01,dining
15,111,2025-03-20 02:00:00,44.77,4111,card,BR,0,0,LYFT *RIDE,1,0.01,transport
16,48,2025-04-14 10:00:00,17.11,5411,card,BR,0,0,HIPER MAIS,1,0.01,groceries
17,3,2025-06-21 05:00:00,27.69,5411,card,BR,0,0,SUPERMARKET SA,2,0.01,groceries
18,94,2025-05-19 19:00:00,26.08,4111,card,BR,0,0,99 TAXI,2,0.01,transport
19,95,2025-03-27 09:00:00,92.55,5812,card,BR,0,0,BURGER PLACE,2,0.01,dining
20,16,2025-01-16 11:00:00,46.02,4111,pix,BR,0,0,99 TAXI,1,0.005,transport
21,22,2025-04-26 02:00:00,24.94,5942,card,BR,0,0,LIVRARIA CENTRAL,2,0.01,books
22,78,2025-02-11 08:00:00,11.05,4111,pix,BR,0,0,UBER *TRIP,1,0.005,transport
23,56,2025-05-17 13:00:00,26.81,5812,pix,BR,0,0,BURGER PLACE,1,0.005,dining
24,92,2025-02-11 01:00:00,17.46,5732,card,BR,0,0,ELECTRO WORLD,2,0.01,electronics
25,87,2025-07-29 16:00:00,14.97,6011,card,BR,0,0,ATM SAQUE,1,0.01,cash
26,99,2025-04-08 19:00:00,19.17,4111,pix,BR,0,0,99 TAXI,1,0.005,transport
27,54,2025-03-23 09:00:00,60.09,6011,card,BR,0,0,ATM SAQUE,1,0.01,cash
28,86,2025-05-16 04:00:00,11.27,5732,card,BR,0,0,ELECTRO WORLD,1,0.01,electronics
29,89,2025-03-03 00:00:00,7.08,4111,card,BR,0,0,99 TAXI,1,0.01,transport
30,25,2025-02-18 15:00:00,30.75,6011,card,BR,0,0,ATM SAQUE,1,0.01,cash
31,48,2025-02-16 20:00:00,28.64,6011,pix,BR,0,0,ATM SAQUE,3,0.005,cash
32,78,2025-03-17 18:00:00,40.68,5732,card,BR,0,0,ELECTRO WORLD,1,0.01,electronics
33,73,2025-07-14 17:00:00,51.39,6011,card,BR,0,0,ATM SAQUE,2,0.01,cash
34,48,2025-05-17 02:00:00,7.03,5411,pix,BR,0,0,GROCERY MART,2,0.005,groceries
35,71,2025-03-11 23:00:00,39.86,5411,card,BR,0,0,HIPER MAIS,1,0.01,groceries
36,85,2025-02-18 18:00:00,7.99,5411,card,US,0,0,SUPERMARKET SA,1,0.01,groceries
37,49,2025-04-19 14:00:00,18.73,6011,boleto,BR,0,0,ATM SAQUE,1,0.015,cash
38,39,2025-01-09 10:00:00,55.4,5732,pix,BR,0,0,GADGET HUB,1,0.005,electronics
39,88,2025-01-06 19:00:00,20.9,5812,card,BR,0,0,BURGER PLACE,3,0.01,dining
40,7,2025-06-01 15:00:00,79.47,4111,card,BR,0,0,LYFT *RIDE,1,0.01,transport
41,113,2025-06-07 10:00:00,48.36,4111,card,BR,0,0,LYFT *RIDE,1,0.01,transport
42,81,2025-03-18 03:00:00,42.6,4111,card,BR,0,0,LYFT *RIDE,3,0.01,transport
43,47,2025-06-08 04:00:00,30.17,6011,card,BR,0,0,ATM SAQUE,1,0.01,cash
44,80,2025-04-03 15:00:00,68.69,5411,card,BR,0,0,HIPER MAIS,1,0.01,groceries
45,33,2025-03-30 21:00:00,33.73,6011,card,US,0,0,ATM SAQUE,1,0.01,cash
46,109,2025-01-14 00:00:00,54.02,5411,pix,BR,0,0,GROCERY MART,3,0.005,groceries
47,93,2025-01-20 03:00:00,24.47,5942,card,BR,0,0,BOOKS & MORE,1,0.01,books
48,11,2025-06-09 20:00:00,24.46,5411,card,BR,0,0,HIPER MAIS,1,0.01,groceries
49,47,2025-07-09 16:00:00,34.51,5812,card,BR,0,0,PIZZA & CO,1,0.01,dining
50,63,2025-02-20 16:00:00,6.73,5411,card,BR,0,0,GROCERY MART,1,0.01,groceries
51,99,2025-04-28 05:00:00,28.82,6011,pix,US,0,0,ATM SAQUE,2,0.005,cash
52,33,2025-07-13 04:00:00,18.28,5812,pix,BR,0,0,PIZZA & CO,1,0.005,dining
53,78,2025-04-28 21:00:00,33.66,5732,card,BR,0,0,ELECTRO WORLD,1,0.01,electronics
54,65,2025-04-25 19:00:00,23.54,5411,card,BR,0,0,GROCERY MART,3,0.01,groceries
55,52,2025-03-05 21:00:00,10.76,5411,card,BR,0,0,GROCERY MART,1,0.01,groceries
56,14,2025-05-12 19:00:00,9.23,5411,card,BR,0,0,SUPERMARKET SA,1,0.01,groceries
57,60,2025-01-13 16:00:00,33.67,5812,card,BR,0,0,PIZZA & CO,1,0.01,dining
58,42,2025-02-15 05:00:00,30.16,5812,card,BR,0,0,PIZZA & CO,1,0.01,dining
59,69,2025-07-19 09:00:00,10.12,5942,boleto,BR,0,0,BOOKS & MORE,2,0.015,books
60,55,2025-04-17 18:00:00,150.84,5732,card,BR,0,0,ELECTRO WORLD,1,0.01,electronics
61,7,2025-02-18 19:00:00,27.1,5812,pix,BR,0,0,PIZZA & CO,2,0.005,dining
62,26,2025-03-12 06:00:00,30.93,5812,card,BR,0,0,BURGER PLACE,1,0.01,dining
63,75,2025-07-22 03:00:00,25.98,5411,card,BR,0,0,GROCERY MART,1,0.01,groceries
64,9,2025-02-05 01:00:00,24.88,4111,card,BR,0,0,LYFT *RIDE,1,0.01,transport
65,96,2025-02-25 00:00:00,32.18,5411,card,BR,0,0,HIPER MAIS,1,0.01,groceries
66,46,2025-06-29 13:00:00,5.53,5411,card,BR,0,0,SUPERMARKET SA,1,0.01,groceries
67,39,2025-03-23 02:00:00,34.74,6011,pix,BR,0,0,ATM SAQUE,3,0.005,cash
68,72,2025-05-15 14:00:00,31.93,5732,card,BR,0,0,GADGET HUB,2,0.01,electronics
69,48,2025-05-11 03:00:00,14.65,6011,pix,BR,0,0,ATM SAQUE,1,0.005,cash
70,93,2025-02-10 10:00:00,16.27,5411,card,BR,0,0,GROCERY MART,2,0.01,groceries
71,32,2025-02-24 19:00:00,38.59,6011,card,BR,0,0,ATM SAQUE,1,0.01,cash
72,38,2025-03-18 15:00:00,14.45,5411,card,BR,0,0,SUPERMARKET SA,1,0.01,groceries
73,19,2025-04-13 10:00:00,30.02,6011,pix,BR,0,0,ATM SAQUE,1,0.005,cash
74,74,2025-02-06 19:00:00,47.46,4111,pix,US,0,0,UBER *TRIP,1,0.005,transport
75,19,2025-03-06 21:00:00,24.14,5942,card,BR,0,0,LIVRARIA CENTRAL,2,0.01,books
76,83,2025-03-28 02:00:00,11.43,6011,card,US,0,0,ATM SAQUE,2,0.01,cash
77,39,2025-05-03 16:00:00,34.18,5411,card,BR,0,0,GROCERY MART,1,0.01,groceries
78,82,2025-07-16 21:00:00,45.61,5942,pix,BR,0,0,BOOKS & MORE,1,0.005,books
79,63,2025-06-15 22:00:00,22.82,4814,card,BR,0,0,MOBILE FAST,1,0.01,telecom
80,44,2025-06-01 16:00:00,18.57,6011,card,US,0,0,ATM SAQUE,3,0.01,cash
81,61,2025-02-13 10:00:00,35.29,5411,pix,BR,0,0,SUPERMARKET SA,2,0.005,groceries
82,108,2025-03-15 20:00:00,25.16,5812,card,BR,0,0,SUSHI RIO,1,0.01,dining
83,85,2025-05-06 22:00:00,51.85,4111,card,BR,0,0,99 TAXI,3,0.01,transport
84,3,2025-01-10 02:00:00,45.7,5812,card,BR,0,0,PIZZA & CO,3,0.01,dining
85,34,2025-04-18 22:00:00,33.04,5411,boleto,BR,0,0,GROCERY MART,1,0.015,groceries
86,58,2025-02-04 08:00:00,86.34,5942,card,BR,0,0,LIVRARIA CENTRAL,1,0.01,books
87,53,2025-01-22 08:00:00,21.69,5411,card,BR,0,0,SUPERMARKET SA,1,0.01,groceries
88,89,2025-01-30 17:00:00,8.83,4111,pix,BR,0,0,UBER *TRIP,1,0.005,transport
89,22,2025-05-02 02:00:00,45.33,4111,card,BR,1,0,UBER *TRIP,1,0.01,transport
90,4,2025-03-21 22:00:00,18.19,5732,card,BR,0,0,ELECTRO WORLD,1,0.01,electronics
91,103,2025-07-02 03:00:00,55.0,5411,card,US,0,0,GROCERY MART,1,0.01,groceries
92,44,2025-03-04 16:00:00,57.38,5411,pix,BR,0,0,HIPER MAIS,1,0.005,groceries
93,25,2025-01-04 12:00:00,36.49,4814,boleto,BR,0,0,MOBILE FAST,3,0.015,telecom
94,82,2025-05-14 12:00:00,17.15,6011,card,BR,0,0,ATM SAQUE,1,0.01,cash
95,21,2025-04-13 05:00:00,51.52,5411,card,BR,0,0,GROCERY MART,3,0.01,groceries
96,44,2025-01-09 03:00:00,16.87,5411,boleto,BR,0,0,HIPER MAIS,3,0.015,groceries
97,64,2025-04-08 09:00:00,10.16,5812,card,BR,0,0,PIZZA & CO,2,0.01,dining
98,96,2025-04-24 18:00:00,91.27,4111,card,BR,0,0,UBER *TRIP,1,0.01,transport
99,58,2025-05-11 00:00:00,17.36,5411,card,BR,0,0,GROCERY MART,1,0.01,groceries
100,49,2025-06-07 14:00:00,6.47,5411,card,BR,0,0,HIPER MAIS,1,0.01,groceries
101,50,2025-01-11 17:00:00,16.46,6011,card,BR,0,0,ATM SAQUE,6,0.01,cash
102,20,2025-01-30 17:00:00,34.35,4111,card,BR,0,0,99 TAXI,1,0.01,transport
103,29,2025-01-19 16:00:00,9.02,6011,card,BR,0,0,ATM SAQUE,1,0.01,cash
104,81,2025-02-22 21:00:00,12.48,5942,card,BR,0,0,LIVRARIA CENTRAL,2,0.01,books
105,87,2025-02-02 02:00:00,15.03,5411,card,BR,0,0,HIPER MAIS,1,0.01,groceries
106,65,2025-04-05 11:00:00,71.59,4111,card,BR,0,0,LYFT *RIDE,1,0.01,transport
107,31,2025-01-01 15:00:00,42.71,5411,boleto,BR,0,0,GROCERY MART,2,0.015,groceries
108,98,2025-02-26 06:00:00,84.01,4111,card,BR,0,0,UBER *TRIP,1,0.01,transport
109,8,2025-01-13 08:00:00,37.17,5812,card,BR,0,0,PIZZA & CO,1,0.01,dining
110,119,2025-05-19 21:00:00,28.57,5942,card,BR,0,0,LIVRARIA CENTRAL,1,0.01,books
111,102,2025-06-15 13:00:00,18.42,5812,card,BR,0,0,SUSHI RIO,2,0.01,dining
112,104,2025-01-08 10:00:00,13.02,5732,card,BR,0,0,ELECTRO WORLD,1,0.01,electronics
113,2,2025-04-01 09:00:00,12.92,6011,pix,BR,0,0,ATM SAQUE,3,0.005,cash
114,1,2025-04-03 19:00:00,37.35,6011,card,BR,0,0,ATM SAQUE,1,0.01,cash
115,77,2025-05-28 01:00:00,19.41,5732,card,BR,1,0,ELECTRO WORLD,1,0.01,electronics
116,79,2025-04-03 18:00:00,39.78,5732,pix,BR,0,0,GADGET HUB,6,0.005,electronics
117,4,2025-07-08 02:00:00,50.82,4111,card,BR,0,0,99 TAXI,1,0.01,transport
118,88,2025-03-08 21:00:00,16.76,5942,pix,BR,0,0,BOOKS & MORE,1,0.005,books
119,59,2025-05-14 04:00:00,31.4,5812,card,BR,0,0,SUSHI RIO,2,0.01,dining
120,15,2025-03-03 07:00:00,12.42,5411,pix,BR,0,0,HIPER MAIS,1,0.005,groceries
121,43,2025-01-03 00:00:00,17.81,6011,card,BR,0,0,ATM SAQUE,1,0.01,cash
122,46,2025-01-20 23:00:00,36.41,5411,card,BR,0,0,GROCERY MART,1,0.01,groceries
123,118,2025-07-12 04:00:00,25.02,5411,card,BR,0,0,GROCERY MART,2,0.01,groceries
124,101,2025-01-08 04:00:00,17.76,4111,card,BR,0,0,99 TAXI,1,0.01,transport
125,68,2025-04-27 22:00:00,14.98,5812,pix,BR,0,0,SUSHI RIO,1,0.005,dining
126,57,2025-05-18 19:00:00,20.35,5812,card,BR,0,0,SUSHI RIO,1,0.01,dining
127,90,2025-04-07 04:00:00,23.44,5732,card,BR,0,0,GADGET HUB,1,0.01,electronics
128,62,2025-05-14 05:00:00,10.69,6011,card,BR,0,0,ATM SAQUE,1,0.01,cash
129,90,2025-02-19 00:00:00,201.37,6011,card,BR,0,0,ATM SAQUE,3,0.01,cash
130,120,2025-01-17 15:00:00,149.25,6011,card,BR,0,0,ATM SAQUE,1,0.01,cash
131,87,2025-02-22 05:00:00,39.54,5732,pix,BR,0,0,GADGET HUB,1,0.005,electronics
132,18,2025-02-12 10:00:00,8.26,6011,card,BR,0,0,ATM SAQUE,2,0.01,cash
133,35,2025-03-06 19:00:00,5.22,5942,boleto,BR,0,0,LIVRARIA CENTRAL,1,0.015,books
134,65,2025-04-17 15:00:00,20.48,5812,pix,BR,0,0,BURGER PLACE,1,0.005,dining
135,120,2025-03-10 14:00:00,7.31,6011,card,BR,0,0,ATM SAQUE,1,0.01,cash
136,7,2025-04-21 11:00:00,30.75,4111,card,BR,0,0,99 TAXI,2,0.01,transport
137,17,2025-03-02 22:00:00,16.59,4111,pix,BR,0,0,LYFT *RIDE,2,0.005,transport
138,6,2025-02-13 14:00:00,15.34,5942,card,BR,0,0,BOOKS & MORE,1,0.01,books
139,50,2025-04-02 23:00:00,10.74,5411,pix,BR,0,0,SUPERMARKET SA,1,0.005,groceries
140,120,2025-06-16 08:00:00,8.53,6011,pix,BR,0,1,ATM SAQUE,2,0.005,cash
141,61,2025-06-01 23:00:00,56.27,5812,pix,BR,0,0,PIZZA & CO,3,0.005,dining
142,46,2025-03-25 21:00:00,10.14,6011,pix,BR,0,0,ATM SAQUE,1,0.005,cash
143,31,2025-01-15 11:00:00,18.49,5411,card,BR,0,0,GROCERY MART,1,0.01,groceries
144,24,2025-03-20 05:00:00,38.47,6011,pix,BR,0,0,ATM SAQUE,3,0.005,cash
145,85,2025-04-08 06:00:00,10.76,5812,pix,BR,0,0,SUSHI RIO,1,0.005,dining
146,88,2025-05-19 16:00:00,32.09,5812,card,BR,1,0,PIZZA & CO,1,0.01,dining
147,89,2025-03-07 10:00:00,54.73,5411,boleto,US,0,0,GROCERY MART,1,0.015,groceries
148,44,2025-06-11 03:00:00,6.46,5812,card,BR,0,0,PIZZA & CO,1,0.01,dining
149,70,2025-06-25 05:00:00,45.59,5812,card,BR,0,0,BURGER PLACE,6,0.01,dining
150,90,2025-07-10 02:00:00,25.58,6011,card,BR,0,0,ATM SAQUE,1,0.01,cash
151,10,2025-07-21 05:00:00,48.83,5411,boleto,US,0,0,GROCERY MART,1,0.015,groceries
152,68,2025-06-20 04:00:00,40.44,5732,card,US,0,0,GADGET HUB,1,0.01,electronics
153,62,2025-04-05 21:00:00,12.86,4814,card,BR,0,0,MOBILE FAST,3,0.01,telecom
154,112,2025-01-11 17:00:00,7.73,5812,card,BR,0,0,SUSHI RIO,1,0.01,dining
155,25,2025-02-27 22:00:00,37.54,4111,card,BR,0,0,UBER *TRIP,1,0.01,transport
156,60,2025-01-18 15:00:00,13.74,5732,card,BR,0,0,GADGET HUB,3,0.01,electronics
157,94,2025-01-20 21:00:00,17.43,6011,card,BR,0,0,ATM SAQUE,2,0.01,cash
158,92,2025-07-03 02:00:00,38.36,5812,pix,BR,0,0,BURGER PLACE,1,0.005,dining
159,72,2025-01-31 23:00:00,22.32,5812,card,BR,0,0,PIZZA & CO,1,0.01,dining
160,81,2025-03-25 06:00:00,15.19,4111,card,BR,0,0,LYFT *RIDE,6,0.01,transport
161,50,2025-06-02 11:00:00,21.28,6011,card,BR,0,0,ATM SAQUE,1,0.01,cash
162,72,2025-04-28 15:00:00,30.77,5732,card,BR,0,0,GADGET HUB,1,0.01,electronics
163,47,2025-03-12 06:00:00,35.41,5942,card,BR,0,0,BOOKS & MORE,1,0.01,books
164,71,2025-01-22 03:00:00,110.74,5411,card,BR,0,0,SUPERMARKET SA,1,0.01,groceries
165,75,2025-03-05 16:00:00,28.94,4111,card,US,0,0,LYFT *RIDE,1,0.01,transport
166,45,2025-03-05 21:00:00,21.35,4111,card,BR,0,0,UBER *TRIP,1,0.01,transport
167,70,2025-03-23 11:00:00,14.22,6011,card,BR,0,0,ATM SAQUE,1,0.01,cash
168,72,2025-07-19 17:00:00,33.42,4814,card,BR,0,0,MOBILE FAST,1,0.01,telecom
169,112,2025-05-22 05:00:00,30.87,6011,card,BR,0,0,ATM SAQUE,1,0.01,cash
170,103,2025-04-15 11:00:00,16.22,4111,card,BR,0,0,UBER *TRIP,1,0.01,transport
171,49,2025-01-25 18:00:00,39.73,5411,card,BR,0,0,SUPERMARKET SA,6,0.01,groceries
172,76,2025-04-25 13:00:00,25.06,6011,card,BR,0,0,ATM SAQUE,6,0.01,cash
173,89,2025-02-28 17:00:00,9.09,4111,card,BR,1,0,99 TAXI,1,0.01,transport
174,92,2025-06-03 02:00:00,10.91,5411,card,BR,0,0,SUPERMARKET SA,1,0.01,groceries
175,15,2025-03-07 14:00:00,32.76,5812,pix,BR,0,0,PIZZA & CO,1,0.005,dining
176,99,2025-06-23 06:00:00,17.44,4814,card,BR,0,0,TELCO BR,1,0.01,telecom
177,22,2025-05-29 23:00:00,11.18,6011,card,BR,0,0,ATM SAQUE,2,0.01,cash
178,53,2025-05-08 03:00:00,31.03,5411,pix,BR,0,0,SUPERMARKET SA,3,0.005,groceries
179,40,2025-03-16 21:00:00,10.48,6011,pix,BR,0,0,ATM SAQUE,1,0.005,cash
180,114,2025-03-18 16:00:00,44.35,5411,card,BR,0,0,HIPER MAIS,1,0.01,groceries
181,106,2025-04-07 13:00:00,26.09,5411,card,BR,0,0,SUPERMARKET SA,1,0.01,groceries
182,45,2025-03-30 05:00:00,98.41,5812,pix,BR,0,0,PIZZA & CO,2,0.005,dining
183,44,2025-05-07 03:00:00,43.38,4814,card,BR,0,0,TELCO BR,6,0.01,telecom
184,29,2025-04-05 07:00:00,9.36,5812,card,BR,0,0,PIZZA & CO,1,0.01,dining
185,41,2025-07-08 03:00:00,22.61,6011,card,BR,0,0,ATM SAQUE,1,0.01,cash
186,91,2025-07-10 10:00:00,20.49,6011,boleto,BR,0,0,ATM SAQUE,1,0.015,cash
187,82,2025-03-11 11:00:00,43.05,5942,card,BR,0,0,BOOKS & MORE,2,0.01,books
188,86,2025-05-10 13:00:00,14.09,5411,card,BR,0,0,HIPER MAIS,2,0.01,groceries
189,33,2025-07-03 12:00:00,66.63,6011,card,BR,0,0,ATM SAQUE,1,0.01,cash
190,92,2025-04-05 20:00:00,41.29,5732,pix,BR,0,0,GADGET HUB,1,0.005,electronics
191,108,2025-05-20 07:00:00,14.13,5411,card,BR,0,0,GROCERY MART,3,0.01,groceries
192,117,2025-03-08 00:00:00,13.69,5411,card,BR,0,0,GROCERY MART,1,0.01,groceries
193,24,2025-04-27 21:00:00,13.99,5411,pix,BR,0,0,SUPERMARKET SA,6,0.005,groceries
194,19,2025-03-03 07:00:00,30.41,5411,card,BR,0,0,HIPER MAIS,1,0.01,groceries
195,120,2025-06-01 09:00:00,30.24,4814,card,BR,0,0,TELCO BR,1,0.01,telecom
196,112,2025-05-22 12:00:00,36.12,5942,card,BR,0,0,LIVRARIA CENTRAL,1,0.01,books
197,28,2025-06-12 08:00:00,16.95,6011,boleto,BR,0,0,ATM SAQUE,1,0.015,cash
198,78,2025-03-22 08:00:00,36.25,5812,card,BR,0,0,PIZZA & CO,1,0.01,dining
199,1,2025-01-28 20:00:00,45.77,5411,card,BR,0,0,SUPERMARKET SA,1,0.01,groceries
200,73,2025-06-13 17:00:00,30.14,4111,card,BR,0,0,99 TAXI,1,0.01,transport
201,118,2025-06-30 07:00:00,28.14,5812,card,BR,0,0,BURGER PLACE,1,0.01,dining
202,17,2025-05-12 04:00:00,56.33,6011,card,BR,0,0,ATM SAQUE,1,0.01,cash
203,63,2025-06-15 14:00:00,18.79,4111,card,BR,0,0,UBER *TRIP,1,0.01,transport
204,96,2025-01-06 01:00:00,21.95,5411,pix,BR,0,0,SUPERMARKET SA,1,0.005,groceries
205,5,2025-07-25 08:00:00,18.34,4111,card,BR,0,0,UBER *TRIP,1,0.01,transport
206,18,2025-02-02 00:00:00,41.54,5411,pix,BR,0,0,HIPER MAIS,3,0.005,groceries
207,62,2025-04-04 11:00:00,23.81,5812,card,BR,0,0,BURGER PLACE,1,0.01,dining
208,105,2025-07-24 00:00:00,36.49,6011,pix,BR,0,0,ATM SAQUE,1,0.005,cash
209,25,2025-03-21 15:00:00,94.14,4111,card,BR,0,0,99 TAXI,3,0.01,transport
210,36,2025-07-19 05:00:00,32.02,4814,boleto,BR,0,0,MOBILE FAST,1,0.015,telecom
211,74,2025-02-16 13:00:00,11.06,4111,card,BR,0,0,LYFT *RIDE,1,0.01,transport
212,100,2025-04-14 22:00:00,31.36,5812,card,BR,0,0,PIZZA & CO,1,0.01,dining
213,45,2025-02-05 15:00:00,27.76,5812,card,BR,0,0,BURGER PLACE,1,0.01,dining
214,100,2025-07-22 05:00:00,12.3,6011,card,BR,0,0,ATM SAQUE,1,0.01,cash
215,57,2025-01-22 23:00:00,65.7,4111,pix,BR,0,0,UBER *TRIP,1,0.005,transport
216,67,2025-04-10 07:00:00,51.01,5732,card,BR,0,0,ELECTRO WORLD,3,0.01,electronics
217,67,2025-01-14 12:00:00,21.9,5732,card,BR,0,0,ELECTRO WORLD,1,0.01,electronics
218,54,2025-06-05 17:00:00,39.17,5732,card,BR,0,0,ELECTRO WORLD,2,0.01,electronics
219,9,2025-02-12 02:00:00,15.71,5942,pix,BR,0,0,BOOKS & MORE,1,0.005,books
220,9,2025-07-20 22:00:00,28.8,5812,card,BR,0,0,SUSHI RIO,2,0.01,dining
221,67,2025-06-06 06:00:00,6.44,5812,pix,BR,0,0,BURGER PLACE,1,0.005,dining
222,119,2025-02-14 13:00:00,56.98,4814,card,BR,0,0,TELCO BR,3,0.01,telecom
223,3,2025-02-21 17:00:00,9.47,5812,card,BR,0,0,SUSHI RIO,1,0.01,dining
224,79,2025-01-16 07:00:00,110.15,4814,boleto,BR,0,0,TELCO BR,1,0.015,telecom
225,87,2025-02-13 08:00:00,29.38,5411,card,BR,0,0,HIPER MAIS,1,0.01,groceries
226,115,2025-02-15 16:00:00,20.04,5411,card,BR,0,0,SUPERMARKET SA,1,0.01,groceries
227,7,2025-05-17 03:00:00,8.21,5411,pix,BR,0,0,GROCERY MART,1,0.005,groceries
228,45,2025-04-08 20:00:00,28.42,4111,pix,BR,0,0,99 TAXI,2,0.005,transport
229,48,2025-01-28 09:00:00,22.58,5411,pix,US,0,0,GROCERY MART,1,0.005,groceries
230,65,2025-06-03 02:00:00,8.2,5812,card,BR,0,0,BURGER PLACE,1,0.01,dining
231,49,2025-01-04 01:00:00,10.71,4814,card,BR,0,0,MOBILE FAST,1,0.01,telecom
232,4,2025-02-22 04:00:00,25.14,4814,card,BR,0,0,MOBILE FAST,1,0.01,telecom
233,108,2025-06-18 22:00:00,22.95,6011,card,BR,0,0,ATM SAQUE,2,0.01,cash
234,37,2025-02-25 03:00:00,40.68,6011,card,BR,0,0,ATM SAQUE,3,0.01,cash
235,48,2025-01-23 08:00:00,51.86,5812,card,BR,0,0,PIZZA & CO,1,0.01,dining
236,89,2025-01-26 10:00:00,25.63,5812,boleto,BR,0,0,BURGER PLACE,1,0.015,dining
237,16,2025-06-15 21:00:00,73.59,5732,pix,BR,0,0,GADGET HUB,2,0.005,electronics
238,26,2025-01-12 00:00:00,46.55,5732,card,BR,0,0,ELECTRO WORLD,1,0.01,electronics
239,24,2025-02-22 07:00:00,22.62,5732,card,BR,0,0,ELECTRO WORLD,1,0.01,electronics
240,78,2025-03-23 15:00:00,26.58,5732,card,BR,0,0,GADGET HUB,1,0.01,electronics
241,90,2025-03-15 02:00:00,50.12,6011,card,BR,0,0,ATM SAQUE,1,0.01,cash
242,24,2025-02-09 17:00:00,60.36,4111,card,BR,0,0,UBER *TRIP,1,0.01,transport
243,74,2025-05-27 14:00:00,24.43,5411,card,BR,0,0,HIPER MAIS,1,0.01,groceries
244,36,2025-01-29 01:00:00,113.14,5732,card,BR,0,0,GADGET HUB,1,0.01,electronics
245,37,2025-07-18 09:00:00,18.49,5411,card,BR,0,0,SUPERMARKET SA,3,0.01,groceries
246,43,2025-04-24 23:00:00,64.93,5411,card,BR,0,0,GROCERY MART,1,0.01,groceries
247,111,2025-03-26 23:00:00,33.35,5812,card,BR,0,0,SUSHI RIO,2,0.01,dining
248,16,2025-04-13 22:00:00,26.68,5942,card,BR,0,0,LIVRARIA CENTRAL,1,0.01,books
249,43,2025-07-24 15:00:00,40.93,5812,card,BR,0,0,SUSHI RIO,2,0.01,dining
250,21,2025-02-06 06:00:00,68.93,4814,card,BR,0,0,MOBILE FAST,1,0.01,telecom
251,105,2025-05-04 22:00:00,23.24,4111,pix,BR,0,0,UBER *TRIP,1,0.005,transport
252,106,2025-01-13 14:00:00,9.05,4111,card,BR,0,0,UBER *TRIP,1,0.01,transport
253,62,2025-03-29 10:00:00,23.32,6011,pix,BR,0,0,ATM SAQUE,1,0.005,cash
254,22,2025-03-25 23:00:00,28.12,5411,pix,BR,0,0,HIPER MAIS,1,0.005,groceries
255,111,2025-02-13 08:00:00,23.79,5411,pix,BR,0,0,SUPERMARKET SA,3,0.005,groceries
256,23,2025-01-05 02:00:00,9.9,6011,card,BR,0,0,ATM SAQUE,1,0.01,cash
257,23,2025-01-09 02:00:00,30.18,5411,pix,BR,0,0,HIPER MAIS,2,0.005,groceries
258,107,2025-04-29 00:00:00,13.19,6011,card,BR,0,0,ATM SAQUE,2,0.01,cash
259,46,2025-01-30 04:00:00,58.0,5812,card,BR,0,0,SUSHI RIO,1,0.01,dining
260,62,2025-06-08 04:00:00,20.71,6011,card,BR,0,0,ATM SAQUE,1,0.01,cash
261,105,2025-03-14 16:00:00,20.95,5812,card,BR,0,0,SUSHI RIO,2,0.01,dining
262,97,2025-02-12 13:00:00,44.66,4111,card,BR,0,0,99 TAXI,2,0.01,transport
263,33,2025-07-19 10:00:00,22.54,4111,card,BR,0,0,UBER *TRIP,2,0.01,transport
264,117,2025-03-20 19:00:00,16.59,5812,pix,BR,0,0,SUSHI RIO,1,0.005,dining
265,31,2025-01-08 01:00:00,39.14,6011,card,BR,0,0,ATM SAQUE,1,0.01,cash
266,18,2025-07-02 01:00:00,24.23,4814,card,BR,0,0,TELCO BR,6,0.01,telecom
267,73,2025-02-20 00:00:00,7.81,5942,card,BR,0,0,LIVRARIA CENTRAL,1,0.01,books
268,45,2025-05-09 07:00:00,62.53,5411,card,US,0,0,HIPER MAIS,1,0.01,groceries
269,62,2025-04-05 17:00:00,24.24,5812,card,BR,0,0,PIZZA & CO,1,0.01,dining
270,117,2025-05-11 02:00:00,17.84,5411,card,BR,0,0,HIPER MAIS,1,0.01,groceries
271,113,2025-04-11 07:00:00,56.1,5812,card,BR,0,0,SUSHI RIO,3,0.01,dining
272,120,2025-07-03 23:00:00,21.77,6011,card,BR,0,0,ATM SAQUE,2,0.01,cash
273,6,2025-02-14 22:00:00,33.51,5812,card,BR,0,0,PIZZA & CO,1,0.01,dining
274,115,2025-03-02 18:00:00,55.07,5732,pix,BR,0,0,GADGET HUB,2,0.005,electronics
275,49,2025-07-28 14:00:00,11.22,6011,card,BR,0,0,ATM SAQUE,1,0.01,cash
276,83,2025-07-28 09:00:00,10.18,5732,boleto,BR,0,0,ELECTRO WORLD,1,0.015,electronics
277,60,2025-03-16 15:00:00,31.46,6011,card,BR,0,0,ATM SAQUE,1,0.01,cash
278,113,2025-05-09 05:00:00,24.4,6011,card,US,0,0,ATM SAQUE,1,0.01,cash
279,8,2025-01-30 00:00:00,8.24,5942,card,BR,0,0,LIVRARIA CENTRAL,2,0.01,books
280,11,2025-06-23 09:00:00,18.57,4111,card,US,0,0,LYFT *RIDE,1,0.01,transport
281,43,2025-04-20 06:00:00,24.16,5999,card,BR,0,0,SHOP ONLINE,1,0.01,misc
282,77,2025-04-26 14:00:00,6.13,5411,boleto,BR,0,0,HIPER MAIS,1,0.015,groceries
283,14,2025-05-16 05:00:00,10.66,5732,card,BR,0,0,GADGET HUB,2,0.01,electronics
284,45,2025-06-26 21:00:00,25.45,5732,pix,BR,0,0,ELECTRO WORLD,1,0.005,electronics
285,39,2025-02-08 06:00:00,15.58,5732,card,BR,0,0,GADGET HUB,1,0.01,electronics
286,43,2025-04-27 05:00:00,20.07,5732,card,BR,0,0,GADGET HUB,3,0.01,electronics
287,36,2025-01-12 19:00:00,16.56,5812,card,BR,0,0,BURGER PLACE,3,0.01,dining
288,116,2025-04-08 11:00:00,34.31,5812,card,BR,0,0,SUSHI RIO,1,0.01,dining
289,93,2025-02-27 23:00:00,26.08,5732,card,BR,0,0,GADGET HUB,6,0.01,electronics
290,39,2025-07-29 09:00:00,12.36,5411,card,BR,0,0,HIPER MAIS,2,0.01,groceries
291,25,2025-02-01 07:00:00,15.83,5812,card,BR,0,0,SUSHI RIO,3,0.01,dining
292,108,2025-03-24 00:00:00,46.59,4814,card,BR,0,0,MOBILE FAST,1,0.01,telecom
293,34,2025-05-09 04:00:00,19.99,5732,card,BR,0,0,ELECTRO WORLD,2,0.01,electronics
294,34,2025-06-17 10:00:00,16.05,6011,card,BR,0,0,ATM SAQUE,1,0.01,cash
295,59,2025-06-11 06:00:00,30.93,4111,card,BR,0,0,LYFT *RIDE,1,0.01,transport
296,35,2025-03-13 04:00:00,21.22,4111,card,BR,0,0,LYFT *RIDE,1,0.01,transport
297,71,2025-04-25 17:00:00,14.74,5732,card,BR,0,0,ELECTRO WORLD,1,0.01,electronics
298,6,2025-03-08 04:00:00,38.12,6011,card,BR,0,0,ATM SAQUE,1,0.01,cash
299,64,2025-04-20 02:00:00,2.89,4111,card,BR,0,0,LYFT *RIDE,1,0.01,transport
300,39,2025-02-21 03:00:00,27.05,5411,card,BR,0,0,SUPERMARKET SA,1,0.01,groceries
301,44,2025-02-10 22:00:00,37.03,5812,card,US,0,0,PIZZA & CO,1,0.01,dining
302,77,2025-06-24 20:00:00,24.41,4111,card,BR,0,0,UBER *TRIP,1,0.01,transport
303,75,2025-06-08 10:00:00,63.2,5999,card,BR,0,0,SHOP ONLINE,1,0.01,misc
304,31,2025-01-23 22:00:00,27.15,5942,card,BR,0,0,LIVRARIA CENTRAL,1,0.01,books
305,80,2025-04-28 23:00:00,25.04,5942,pix,BR,0,0,BOOKS & MORE,1,0.005,books
306,100,2025-03-08 10:00:00,17.67,5812,card,BR,0,0,BURGER PLACE,1,0.01,dining
307,110,2025-03-21 22:00:00,16.11,5411,card,BR,0,0,SUPERMARKET SA,1,0.01,groceries
308,113,2025-03-23 02:00:00,28.72,4111,card,BR,0,0,LYFT *RIDE,1,0.01,transport
309,1,2025-06-21 10:00:00,35.12,4111,card,BR,0,0,UBER *TRIP,2,0.01,transport
310,73,2025-02-06 06:00:00,16.51,4111,card,BR,0,0,99 TAXI,1,0.01,transport
311,82,2025-02-01 21:00:00,28.36,5411,card,BR,0,0,SUPERMARKET SA,2,0.01,groceries
312,52,2025-04-27 19:00:00,15.69,5411,card,BR,0,0,HIPER MAIS,3,0.01,groceries
313,83,2025-03-06 06:00:00,28.11,4111,pix,BR,0,0,LYFT *RIDE,2,0.005,transport
314,54,2025-02-18 05:00:00,31.23,5812,boleto,BR,0,0,BURGER PLACE,1,0.015,dining
315,6,2025-06-07 01:00:00,10.9,5411,card,BR,0,0,GROCERY MART,1,0.01,groceries
316,119,2025-01-22 17:00:00,14.69,6011,card,BR,0,0,ATM SAQUE,1,0.01,cash
317,44,2025-03-22 15:00:00,20.23,5411,card,BR,0,0,GROCERY MART,3,0.01,groceries
318,29,2025-07-27 00:00:00,24.59,6011,pix,BR,0,0,ATM SAQUE,2,0.005,cash
319,5,2025-02-04 19:00:00,12.61,4111,card,BR,0,0,UBER *TRIP,1,0.01,transport
320,78,2025-04-25 00:00:00,44.65,4814,card,BR,0,0,TELCO BR,1,0.01,telecom
321,36,2025-01-07 02:00:00,29.07,4111,pix,BR,0,0,99 TAXI,2,0.005,transport
322,113,2025-01-16 17:00:00,11.96,4111,card,BR,0,0,99 TAXI,3,0.01,transport
323,40,2025-03-19 07:00:00,26.4,6011,card,BR,0,0,ATM SAQUE,1,0.01,cash
324,40,2025-05-01 19:00:00,40.64,5411,card,BR,0,0,SUPERMARKET SA,1,0.01,groceries
325,11,2025-02-27 15:00:00,151.37,5411,card,BR,0,0,GROCERY MART,1,0.01,groceries
326,1,2025-02-28 00:00:00,19.98,5732,card,US,0,0,GADGET HUB,1,0.01,electronics
327,87,2025-06-15 14:00:00,14.26,5732,card,BR,0,0,GADGET HUB,1,0.01,electronics
328,76,2025-02-16 09:00:00,82.57,5732,pix,BR,0,0,GADGET HUB,2,0.005,electronics
329,45,2025-04-16 07:00:00,16.21,5812,pix,BR,0,0,BURGER PLACE,1,0.005,dining
330,25,2025-06-10 18:00:00,4.53,5812,card,BR,0,0,BURGER PLACE,1,0.01,dining
331,82,2025-02-16 13:00:00,8.36,5411,boleto,BR,0,0,SUPERMARKET SA,1,0.015,groceries
332,33,2025-03-18 03:00:00,34.37,5411,pix,BR,0,0,SUPERMARKET SA,1,0.005,groceries
333,1,2025-06-07 05:00:00,39.91,5812,card,BR,0,0,PIZZA & CO,2,0.01,dining
334,83,2025-04-20 00:00:00,19.24,5411,card,BR,0,0,HIPER MAIS,2,0.01,groceries
335,48,2025-03-23 03:00:00,8.21,5411,card,BR,0,0,HIPER MAIS,3,0.01,groceries
336,66,2025-05-15 18:00:00,16.42,5812,pix,BR,0,0,SUSHI RIO,1,0.005,dining
337,51,2025-03-28 06:00:00,39.13,4814,boleto,BR,0,0,TELCO BR,1,0.015,telecom
338,116,2025-01-16 11:00:00,45.31,5411,card,BR,0,0,HIPER MAIS,1,0.01,groceries
339,89,2025-03-20 19:00:00,14.62,5812,card,BR,0,0,SUSHI RIO,1,0.01,dining
340,104,2025-03-04 02:00:00,25.53,5942,card,BR,0,0,BOOKS & MORE,1,0.01,books
341,3,2025-04-17 20:00:00,11.67,5732,card,BR,0,0,ELECTRO WORLD,3,0.01,electronics
342,101,2025-07-04 12:00:00,35.09,5812,card,BR,0,0,BURGER PLACE,1,0.01,dining
343,54,2025-01-19 23:00:00,21.92,4814,pix,BR,0,0,MOBILE FAST,1,0.005,telecom
344,92,2025-02-12 11:00:00,35.41,5812,card,BR,0,0,PIZZA & CO,6,0.01,dining
345,43,2025-03-11 10:00:00,21.7,5942,card,BR,0,0,BOOKS & MORE,1,0.01,books
346,39,2025-01-05 22:00:00,37.52,6011,pix,BR,0,0,ATM SAQUE,1,0.005,cash
347,65,2025-01-30 18:00:00,56.65,4814,pix,BR,0,0,TELCO BR,3,0.005,telecom
348,119,2025-06-18 14:00:00,67.22,6011,pix,BR,0,0,ATM SAQUE,1,0.005,cash
349,59,2025-03-17 05:00:00,21.54,6011,card,BR,1,0,ATM SAQUE,3,0.01,cash
350,98,2025-03-09 03:00:00,57.9,4111,card,BR,0,0,LYFT *RIDE,3,0.01,transport
351,78,2025-04-29 03:00:00,25.34,5942,boleto,BR,0,0,BOOKS & MORE,1,0.015,books
352,112,2025-03-16 15:00:00,16.28,5411,pix,US,0,0,SUPERMARKET SA,1,0.005,groceries
353,104,2025-02-05 08:00:00,25.53,5411,card,BR,0,0,GROCERY MART,1,0.01,groceries
354,17,2025-03-18 02:00:00,34.04,5812,card,BR,0,0,SUSHI RIO,1,0.01,dining
355,117,2025-02-02 12:00:00,97.67,5999,card,BR,0,0,MARKETPLACE XYZ,1,0.01,misc
356,38,2025-02-08 00:00:00,24.95,5732,pix,BR,0,0,ELECTRO WORLD,1,0.005,electronics
357,42,2025-06-04 04:00:00,12.07,5411,card,BR,0,0,GROCERY MART,2,0.01,groceries
358,31,2025-01-21 07:00:00,12.87,5411,card,BR,0,0,HIPER MAIS,1,0.01,groceries
359,3,2025-04-21 13:00:00,34.3,5732,card,BR,0,0,ELECTRO WORLD,1,0.01,electronics
360,110,2025-06-24 02:00:00,31.58,6011,card,BR,0,0,ATM SAQUE,1,0.01,cash
361,79,2025-04-29 13:00:00,17.73,4111,card,BR,0,0,99 TAXI,1,0.01,transport
362,102,2025-03-18 16:00:00,12.73,5411,card,BR,0,0,HIPER MAIS,1,0.01,groceries
363,21,2025-03-30 23:00:00,12.06,5411,card,BR,0,0,GROCERY MART,1,0.01,groceries
364,60,2025-05-18 17:00:00,16.91,5411,card,BR,0,0,GROCERY MART,1,0.01,groceries
365,32,2025-02-18 10:00:00,69.33,5812,card,BR,0,0,PIZZA & CO,1,0.01,dining
366,65,2025-07-17 03:00:00,26.99,5812,card,BR,0,0,SUSHI RIO,1,0.01,dining
367,40,2025-04-08 10:00:00,29.34,5411,card,US,0,0,SUPERMARKET SA,3,0.01,groceries
368,109,2025-06-16 03:00:00,11.56,6011,card,BR,0,0,ATM SAQUE,1,0.01,cash
369,75,2025-04-02 21:00:00,20.55,4111,pix,US,0,0,99 TAXI,2,0.005,transport
370,41,2025-06-16 09:00:00,47.02,5411,pix,BR,0,0,GROCERY MART,1,0.005,groceries
371,96,2025-07-29 13:00:00,31.99,4111,card,BR,0,0,99 TAXI,1,0.01,transport
372,90,2025-02-17 18:00:00,21.52,5411,card,BR,0,0,HIPER MAIS,1,0.01,groceries
373,64,2025-07-28 23:00:00,31.51,4111,card,BR,0,0,LYFT *RIDE,1,0.01,transport
374,112,2025-07-24 19:00:00,28.46,5411,boleto,BR,0,0,HIPER MAIS,2,0.015,groceries
375,24,2025-04-09 19:00:00,32.33,5942,card,BR,0,0,BOOKS & MORE,1,0.01,books
376,70,2025-07-26 11:00:00,25.41,5411,card,BR,0,0,GROCERY MART,1,0.01,groceries
377,99,2025-04-25 20:00:00,51.48,5732,card,BR,0,0,ELECTRO WORLD,2,0.01,electronics
378,62,2025-07-06 17:00:00,28.31,5732,boleto,BR,0,0,GADGET HUB,1,0.015,electronics
379,28,2025-02-09 21:00:00,34.47,6011,card,BR,0,0,ATM SAQUE,1,0.01,cash
380,91,2025-02-22 08:00:00,8.38,5812,card,BR,0,0,SUSHI RIO,1,0.01,dining
381,33,2025-07-29 15:00:00,34.33,4111,card,BR,0,0,UBER *TRIP,1,0.01,transport
382,97,2025-04-15 01:00:00,57.07,4111,card,BR,0,0,99 TAXI,1,0.01,transport
383,55,2025-07-23 09:00:00,37.84,5812,card,BR,0,0,BURGER PLACE,1,0.01,dining
384,36,2025-07-17 13:00:00,6.81,6011,card,BR,0,0,ATM SAQUE,1,0.01,cash
385,115,2025-04-28 14:00:00,11.36,6011,card,BR,0,0,ATM SAQUE,1,0.01,cash
386,38,2025-03-02 15:00:00,48.31,5411,pix,BR,0,0,SUPERMARKET SA,2,0.005,groceries
387,79,2025-07-23 06:00:00,25.85,5812,card,BR,0,0,SUSHI RIO,1,0.01,dining
388,21,2025-01-21 04:00:00,111.07,6011,pix,BR,0,0,ATM SAQUE,1,0.005,cash
389,89,2025-06-09 03:00:00,85.29,5732,card,BR,0,0,ELECTRO WORLD,1,0.01,electronics
390,31,2025-04-30 21:00:00,63.09,6011,card,BR,0,0,ATM SAQUE,1,0.01,cash
391,85,2025-03-24 08:00:00,54.72,4111,card,BR,0,0,UBER *TRIP,2,0.01,transport
392,5,2025-02-26 12:00:00,13.02,5812,card,BR,0,0,SUSHI RIO,6,0.01,dining
393,26,2025-01-25 20:00:00,8.58,5411,card,BR,0,0,SUPERMARKET SA,1,0.01,groceries
394,39,2025-03-29 04:00:00,29.16,4111,card,BR,0,0,LYFT *RIDE,1,0.01,transport
395,20,2025-04-13 19:00:00,19.17,6011,card,BR,0,0,ATM SAQUE,1,0.01,cash
396,113,2025-05-26 13:00:00,23.58,5411,boleto,BR,0,0,SUPERMARKET SA,1,0.015,groceries
397,32,2025-02-22 14:00:00,9.19,5411,card,BR,0,0,GROCERY MART,1,0.01,groceries
398,88,2025-03-27 14:00:00,10.55,6011,pix,BR,0,0,ATM SAQUE,3,0.005,cash
399,13,2025-01-15 00:00:00,30.67,5812,card,BR,0,0,BURGER PLACE,1,0.01,dining
400,66,2025-06-07 05:00:00,35.96,4111,pix,BR,0,0,LYFT *RIDE,1,0.005,transport
401,61,2025-05-15 17:00:00,26.37,5732,card,BR,0,0,GADGET HUB,1,0.01,electronics
402,36,2025-07-28 13:00:00,14.53,4111,pix,BR,0,0,UBER *TRIP,1,0.005,transport
403,54,2025-06-21 07:00:00,76.4,6011,card,BR,0,0,ATM SAQUE,1,0.01,cash
404,25,2025-02-20 20:00:00,9.47,5812,pix,BR,0,0,BURGER PLACE,1,0.005,dining
405,116,2025-03-03 19:00:00,19.77,4111,card,BR,0,0,UBER *TRIP,3,0.01,transport
406,13,2025-01-13 08:00:00,25.75,4111,pix,US,0,0,LYFT *RIDE,1,0.005,transport
407,94,2025-05-08 17:00:00,30.42,5999,pix,BR,0,0,MARKETPLACE XYZ,2,0.005,misc
408,96,2025-04-25 09:00:00,58.32,6011,card,BR,0,0,ATM SAQUE,2,0.01,cash
409,50,2025-07-21 13:00:00,22.63,5812,pix,BR,0,0,BURGER PLACE,1,0.005,dining
410,59,2025-06-25 05:00:00,35.84,5812,pix,BR,0,0,SUSHI RIO,1,0.005,dining
411,103,2025-02-10 22:00:00,24.15,5411,card,BR,0,0,HIPER MAIS,1,0.01,groceries
412,101,2025-04-08 06:00:00,21.5,5411,card,BR,0,0,HIPER MAIS,1,0.01,groceries
413,111,2025-03-06 07:00:00,26.63,5942,card,BR,0,0,LIVRARIA CENTRAL,1,0.01,books
414,54,2025-07-22 07:00:00,6.21,6011,card,BR,0,0,ATM SAQUE,1,0.01,cash
415,15,2025-01-01 19:00:00,50.81,5942,card,BR,0,0,LIVRARIA CENTRAL,1,0.01,books
416,117,2025-03-25 01:00:00,34.52,5812,pix,BR,0,0,SUSHI RIO,1,0.005,dining
417,8,2025-06-17 15:00:00,15.09,5732,card,BR,0,0,GADGET HUB,3,0.01,electronics
418,43,2025-03-20 17:00:00,35.63,5942,pix,BR,0,0,BOOKS & MORE,1,0.005,books
419,83,2025-01-06 02:00:00,12.77,4111,card,BR,0,0,99 TAXI,1,0.01,transport
420,42,2025-07-28 18:00:00,16.1,4814,card,BR,0,0,MOBILE FAST,2,0.01,telecom
421,20,2025-06-03 14:00:00,44.85,4111,card,BR,0,0,UBER *TRIP,1,0.01,transport
422,44,2025-01-30 08:00:00,17.77,5812,card,BR,0,0,SUSHI RIO,6,0.01,dining
423,112,2025-07-11 05:00:00,23.08,5942,pix,BR,0,0,LIVRARIA CENTRAL,1,0.005,books
424,117,2025-01-29 13:00:00,11.16,5411,card,US,0,0,HIPER MAIS,1,0.01,groceries
425,99,2025-01-31 23:00:00,44.91,5812,card,BR,0,0,SUSHI RIO,1,0.01,dining
426,92,2025-02-01 14:00:00,31.67,5732,card,BR,0,0,ELECTRO WORLD,1,0.01,electronics
427,18,2025-07-08 15:00:00,18.92,6011,card,BR,0,0,ATM SAQUE,2,0.01,cash
428,58,2025-05-29 21:00:00,7.17,4111,card,BR,0,0,99 TAXI,1,0.01,transport
429,52,2025-04-05 17:00:00,30.13,6011,card,BR,0,0,ATM SAQUE,2,0.01,cash
430,64,2025-05-10 04:00:00,27.4,4111,card,BR,0,0,LYFT *RIDE,1,0.01,transport
431,91,2025-05-28 15:00:00,20.61,5812,pix,BR,0,0,BURGER PLACE,1,0.005,dining
432,85,2025-07-11 12:00:00,23.83,4111,card,BR,0,0,LYFT *RIDE,1,0.01,transport
433,26,2025-04-21 16:00:00,31.03,5732,card,BR,0,0,GADGET HUB,1,0.01,electronics
434,28,2025-04-19 02:00:00,99.14,5411,pix,BR,0,0,SUPERMARKET SA,1,0.005,groceries
435,73,2025-01-28 12:00:00,27.51,5411,card,BR,0,0,HIPER MAIS,1,0.01,groceries
436,70,2025-07-07 22:00:00,6.41,5411,card,US,0,0,HIPER MAIS,1,0.01,groceries
437,120,2025-06-28 19:00:00,18.83,4111,card,BR,0,0,UBER *TRIP,1,0.01,transport
438,81,2025-03-05 11:00:00,24.82,6011,card,BR,0,0,ATM SAQUE,1,0.01,cash
439,5,2025-02-04 12:00:00,44.74,6011,card,BR,0,0,ATM SAQUE,1,0.01,cash
440,104,2025-05-13 01:00:00,13.95,5411,card,BR,0,0,GROCERY MART,1,0.01,groceries
441,38,2025-06-20 10:00:00,6.23,5411,card,BR,0,0,GROCERY MART,1,0.01,groceries
442,103,2025-02-01 01:00:00,23.1,5411,card,BR,0,0,SUPERMARKET SA,1,0.01,groceries
443,60,2025-06-28 00:00:00,109.8,5942,card,BR,0,0,LIVRARIA CENTRAL,2,0.01,books
444,91,2025-02-13 09:00:00,14.57,5411,card,BR,0,0,GROCERY MART,1,0.01,groceries
445,1,2025-06-22 20:00:00,20.73,5942,card,BR,0,0,LIVRARIA CENTRAL,2,0.01,books
446,31,2025-01-14 03:00:00,28.78,5942,card,BR,0,0,BOOKS & MORE,1,0.01,books
447,7,2025-07-08 12:00:00,28.95,5411,card,BR,0,0,HIPER MAIS,1,0.01,groceries
448,9,2025-03-12 05:00:00,9.71,5411,card,BR,0,0,GROCERY MART,1,0.01,groceries
449,27,2025-01-11 05:00:00,11.05,4111,card,BR,0,0,99 TAXI,6,0.01,transport
450,90,2025-02-20 11:00:00,42.12,5411,pix,BR,0,0,HIPER MAIS,1,0.005,groceries
451,48,2025-07-26 17:00:00,38.08,5411,card,BR,0,0,HIPER MAIS,1,0.01,groceries
452,87,2025-01-03 12:00:00,16.08,4111,boleto,BR,0,0,LYFT *RIDE,3,0.015,transport
453,42,2025-02-24 12:00:00,42.85,6011,card,BR,0,0,ATM SAQUE,3,0.01,cash
454,112,2025-01-01 13:00:00,48.31,6011,boleto,BR,0,0,ATM SAQUE,1,0.015,cash
455,48,2025-02-24 15:00:00,19.82,5942,card,BR,0,0,BOOKS & MORE,1,0.01,books
456,101,2025-02-08 06:00:00,61.5,5411,pix,BR,0,0,GROCERY MART,1,0.005,groceries
457,40,2025-04-16 16:00:00,20.4,5812,card,BR,0,0,SUSHI RIO,1,0.01,dining
458,28,2025-05-10 13:00:00,7.55,5411,card,BR,0,0,GROCERY MART,2,0.01,groceries
459,10,2025-03-05 14:00:00,25.98,5732,card,BR,0,0,GADGET HUB,3,0.01,electronics
460,53,2025-05-27 01:00:00,16.4,5812,card,US,0,0,BURGER PLACE,1,0.01,dining
461,52,2025-01-26 10:00:00,20.86,4111,card,BR,0,0,99 TAXI,1,0.01,transport
462,30,2025-06-22 15:00:00,17.08,5812,boleto,BR,0,0,PIZZA & CO,1,0.015,dining
463,110,2025-04-23 23:00:00,91.0,4111,pix,BR,0,0,99 TAXI,1,0.005,transport
464,106,2025-01-24 01:00:00,58.47,5411,card,BR,0,0,HIPER MAIS,6,0.01,groceries
465,115,2025-04-21 23:00:00,5.43,4111,card,BR,0,0,UBER *TRIP,1,0.01,transport
466,41,2025-07-09 17:00:00,29.65,4111,card,BR,0,0,LYFT *RIDE,1,0.01,transport
467,90,2025-06-24 02:00:00,26.38,5411,card,BR,0,0,HIPER MAIS,1,0.01,groceries
468,30,2025-06-14 03:00:00,27.99,5812,card,BR,0,0,PIZZA & CO,1,0.01,dining
469,106,2025-04-13 13:00:00,9.98,5732,pix,BR,0,0,ELECTRO WORLD,2,0.005,electronics
470,21,2025-04-24 05:00:00,23.03,6011,card,BR,0,0,ATM SAQUE,1,0.01,cash
471,49,2025-07-26 08:00:00,32.82,5942,card,BR,0,0,BOOKS & MORE,1,0.01,books
472,20,2025-04-14 17:00:00,20.38,5999,card,BR,0,0,MARKETPLACE XYZ,1,0.01,misc
473,38,2025-07-04 13:00:00,51.77,6011,pix,BR,0,0,ATM SAQUE,1,0.005,cash
474,49,2025-04-09 07:00:00,43.24,5812,pix,BR,0,0,BURGER PLACE,3,0.005,dining
475,29,2025-05-24 19:00:00,18.92,5732,card,BR,0,0,ELECTRO WORLD,1,0.01,electronics
476,42,2025-02-07 08:00:00,28.33,6011,card,BR,0,0,ATM SAQUE,1,0.01,cash
477,2,2025-02-07 21:00:00,18.6,6011,card,BR,0,0,ATM SAQUE,1,0.01,cash
478,73,2025-02-09 14:00:00,284.92,5411,card,BR,0,0,SUPERMARKET SA,1,0.01,groceries
479,15,2025-04-01 15:00:00,14.55,5732,card,BR,0,0,GADGET HUB,1,0.01,electronics
480,116,2025-02-04 02:00:00,9.32,5812,card,BR,0,0,BURGER PLACE,1,0.01,dining
481,38,2025-04-02 07:00:00,10.57,6011,card,BR,0,0,ATM SAQUE,1,0.01,cash
482,68,2025-04-17 12:00:00,11.75,5812,boleto,BR,0,0,SUSHI RIO,1,0.015,dining
483,42,2025-01-15 10:00:00,45.74,4111,card,BR,0,0,99 TAXI,1,0.01,transport
484,28,2025-03-26 14:00:00,17.57,6011,card,BR,0,0,ATM SAQUE,3,0.01,cash
485,28,2025-05-07 23:00:00,14.73,5411,card,BR,0,0,HIPER MAIS,1,0.01,groceries
486,12,2025-03-04 00:00:00,13.18,6011,pix,BR,0,0,ATM SAQUE,1,0.005,cash
487,116,2025-01-05 01:00:00,15.19,5812,card,BR,0,0,BURGER PLACE,1,0.01,dining
488,4,2025-04-22 18:00:00,18.63,5942,card,BR,0,0,LIVRARIA CENTRAL,1,0.01,books
489,2,2025-05-27 01:00:00,31.31,6011,card,BR,0,0,ATM SAQUE,1,0.01,cash
490,22,2025-03-03 06:00:00,31.56,5411,card,BR,0,0,GROCERY MART,1,0.01,groceries
491,54,2025-07-08 19:00:00,90.27,5411,boleto,BR,0,0,HIPER MAIS,2,0.015,groceries
492,68,2025-03-10 00:00:00,34.2,5812,card,BR,0,0,SUSHI RIO,1,0.01,dining
493,20,2025-02-20 22:00:00,14.94,5732,card,BR,0,0,GADGET HUB,1,0.01,electronics
494,40,2025-06-19 10:00:00,66.17,5942,card,BR,0,0,LIVRARIA CENTRAL,1,0.01,books
495,86,2025-06-20 06:00:00,19.64,5812,boleto,BR,0,0,BURGER PLACE,1,0.015,dining
496,42,2025-07-08 07:00:00,99.44,4111,card,BR,0,0,LYFT *RIDE,6,0.01,transport
497,57,2025-04-25 11:00:00,52.0,5812,card,BR,0,0,BURGER PLACE,1,0.01,dining
498,81,2025-03-17 17:00:00,27.06,6011,card,US,0,0,ATM SAQUE,1,0.01,cash
499,116,2025-05-11 20:00:00,35.24,4111,card,BR,0,0,99 TAXI,1,0.01,transport
500,34,2025-03-28 14:00:00,14.14,5411,card,BR,0,0,GROCERY MART,1,0.01,groceries
501,60,2025-06-17 06:00:00,15.88,4814,card,BR,0,0,MOBILE FAST,3,0.01,telecom
502,46,2025-06-02 15:00:00,8.23,5942,card,BR,0,0,LIVRARIA CENTRAL,2,0.01,books
503,7,2025-04-20 02:00:00,62.28,5732,pix,BR,0,0,ELECTRO WORLD,1,0.005,electronics
504,97,2025-06-04 14:00:00,9.03,6011,card,BR,0,0,ATM SAQUE,1,0.01,cash
505,78,2025-01-13 01:00:00,13.38,6011,card,BR,0,0,ATM SAQUE,1,0.01,cash
506,2,2025-01-12 21:00:00,18.27,5411,card,BR,0,0,HIPER MAIS,2,0.01,groceries
507,33,2025-04-15 20:00:00,17.02,5942,card,BR,0,0,BOOKS & MORE,1,0.01,books
508,104,2025-06-12 12:00:00,44.54,5812,card,BR,0,0,SUSHI RIO,1,0.01,dining
509,84,2025-02-01 02:00:00,20.05,5732,card,BR,0,0,ELECTRO WORLD,1,0.01,electronics
510,32,2025-06-29 05:00:00,163.43,5411,pix,BR,0,0,HIPER MAIS,1,0.005,groceries
511,26,2025-07-29 12:00:00,27.86,5812,card,BR,0,0,BURGER PLACE,3,0.01,dining
512,102,2025-06-30 10:00:00,115.45,5411,card,BR,0,0,GROCERY MART,1,0.01,groceries
513,120,2025-07-08 03:00:00,20.19,4111,card,BR,0,0,LYFT *RIDE,3,0.01,transport
514,105,2025-05-11 03:00:00,28.8,4111,boleto,BR,0,0,LYFT *RIDE,1,0.015,transport
515,21,2025-04-06 12:00:00,28.71,5942,card,BR,0,0,BOOKS & MORE,2,0.01,books
516,108,2025-05-23 19:00:00,20.9,5411,card,BR,0,0,HIPER MAIS,1,0.01,groceries
517,96,2025-05-10 11:00:00,25.01,5999,card,BR,0,0,MARKETPLACE XYZ,1,0.01,misc
518,119,2025-07-16 20:00:00,14.03,5411,card,BR,0,0,SUPERMARKET SA,1,0.01,groceries
519,24,2025-06-09 22:00:00,17.29,5812,pix,BR,0,0,PIZZA & CO,1,0.005,dining
520,42,2025-01-31 21:00:00,77.64,6011,card,BR,0,0,ATM SAQUE,1,0.01,cash
521,12,2025-07-10 09:00:00,19.02,5942,card,BR,0,0,LIVRARIA CENTRAL,2,0.01,books
522,39,2025-06-26 14:00:00,4.2,6011,card,BR,0,0,ATM SAQUE,3,0.01,cash
523,35,2025-06-13 15:00:00,19.91,5411,card,BR,0,0,SUPERMARKET SA,1,0.01,groceries
524,47,2025-06-18 09:00:00,43.66,5942,card,BR,0,0,LIVRARIA CENTRAL,1,0.01,books
525,27,2025-01-27 12:00:00,23.24,5812,card,BR,0,0,BURGER PLACE,1,0.01,dining
526,65,2025-05-20 23:00:00,22.13,5411,card,BR,0,0,HIPER MAIS,1,0.01,groceries
527,37,2025-02-26 18:00:00,8.31,5812,card,BR,0,0,SUSHI RIO,1,0.01,dining
528,46,2025-07-02 02:00:00,29.77,4111,boleto,BR,0,0,LYFT *RIDE,1,0.015,transport
529,90,2025-06-27 07:00:00,12.53,4111,card,BR,0,0,99 TAXI,3,0.01,transport
530,42,2025-04-21 09:00:00,57.88,5812,card,BR,0,0,BURGER PLACE,3,0.01,dining
531,34,2025-03-30 06:00:00,8.26,4111,card,BR,0,0,UBER *TRIP,1,0.01,transport
532,56,2025-07-14 14:00:00,23.48,4111,pix,BR,0,0,UBER *TRIP,1,0.005,transport
533,30,2025-06-01 23:00:00,19.44,4111,pix,BR,0,0,99 TAXI,1,0.005,transport
534,5,2025-05-07 09:00:00,18.02,5812,card,BR,0,0,PIZZA & CO,1,0.01,dining
535,103,2025-03-26 03:00:00,28.07,4111,card,BR,0,0,99 TAXI,1,0.01,transport
536,65,2025-07-02 04:00:00,25.2,5999,card,BR,0,0,MARKETPLACE XYZ,1,0.01,misc
537,58,2025-02-04 14:00:00,16.74,5411,card,BR,0,0,GROCERY MART,1,0.01,groceries
538,30,2025-04-06 11:00:00,17.51,5411,card,BR,0,0,GROCERY MART,1,0.01,groceries
539,4,2025-05-13 19:00:00,15.3,4111,pix,BR,0,0,UBER *TRIP,1,0.005,transport
540,16,2025-07-11 17:00:00,42.62,5812,card,BR,0,0,BURGER PLACE,3,0.01,dining
541,47,2025-03-12 04:00:00,24.6,5411,card,BR,0,0,GROCERY MART,1,0.01,groceries
542,104,2025-01-31 22:00:00,34.36,5999,pix,BR,1,0,SHOP ONLINE,1,0.005,misc
543,41,2025-01-05 18:00:00,7.52,5411,pix,BR,0,0,HIPER MAIS,1,0.005,groceries
544,77,2025-03-14 10:00:00,11.47,6011,boleto,BR,0,0,ATM SAQUE,1,0.015,cash
545,54,2025-04-08 03:00:00,10.06,5812,pix,BR,0,0,PIZZA & CO,1,0.005,dining
546,60,2025-03-14 03:00:00,14.83,5411,boleto,BR,0,0,HIPER MAIS,1,0.015,groceries
547,14,2025-04-09 23:00:00,20.5,5999,card,BR,0,0,MARKETPLACE XYZ,3,0.01,misc
548,66,2025-04-20 03:00:00,49.05,5812,card,BR,0,0,SUSHI RIO,2,0.01,dining
549,20,2025-06-21 11:00:00,23.35,5999,card,BR,0,0,SHOP ONLINE,3,0.01,misc
550,95,2025-02-16 15:00:00,21.32,4814,card,BR,0,0,TELCO BR,3,0.01,telecom
551,91,2025-01-07 18:00:00,8.43,4111,pix,BR,0,0,99 TAXI,3,0.005,transport
552,91,2025-02-20 10:00:00,18.03,5411,pix,BR,0,0,HIPER MAIS,1,0.005,groceries
553,61,2025-03-23 12:00:00,24.26,5942,card,BR,0,0,BOOKS & MORE,3,0.01,books
554,105,2025-03-15 20:00:00,21.32,5411,card,BR,1,0,GROCERY MART,1,0.01,groceries
555,109,2025-05-16 23:00:00,8.15,5812,card,BR,0,0,SUSHI RIO,2,0.01,dining
556,55,2025-07-05 08:00:00,24.07,6011,card,US,0,0,ATM SAQUE,1,0.01,cash
557,101,2025-02-03 11:00:00,18.15,6011,card,BR,0,0,ATM SAQUE,1,0.01,cash
558,73,2025-01-18 10:00:00,14.4,5411,card,BR,0,0,SUPERMARKET SA,1,0.01,groceries
559,23,2025-04-06 00:00:00,33.11,4111,card,BR,0,0,LYFT *RIDE,1,0.01,transport
560,18,2025-05-24 17:00:00,40.91,4814,pix,BR,0,0,TELCO BR,1,0.005,telecom
561,91,2025-07-01 02:00:00,15.15,5411,card,BR,0,0,GROCERY MART,1,0.01,groceries
562,10,2025-04-27 19:00:00,19.5,6011,card,BR,0,0,ATM SAQUE,2,0.01,cash
563,44,2025-01-28 14:00:00,27.39,5411,card,BR,0,0,HIPER MAIS,1,0.01,groceries
564,37,2025-03-03 05:00:00,24.96,5411,card,BR,0,0,HIPER MAIS,1,0.01,groceries
565,35,2025-04-12 04:00:00,5.73,5812,card,BR,0,0,PIZZA & CO,1,0.01,dining
566,105,2025-02-27 08:00:00,25.28,5732,pix,BR,0,0,ELECTRO WORLD,6,0.005,electronics
567,22,2025-01-01 18:00:00,64.48,5999,pix,BR,0,0,MARKETPLACE XYZ,1,0.005,misc
568,99,2025-03-20 10:00:00,21.8,5732,card,BR,0,0,ELECTRO WORLD,1,0.01,electronics
569,2,2025-06-02 01:00:00,26.53,5411,card,BR,0,0,HIPER MAIS,1,0.01,groceries
570,2,2025-04-29 23:00:00,3.77,4814,pix,US,0,0,TELCO BR,6,0.005,telecom
571,23,2025-04-18 06:00:00,25.04,6011,card,BR,0,0,ATM SAQUE,2,0.01,cash
572,90,2025-02-26 23:00:00,53.01,5411,card,BR,0,0,GROCERY MART,1,0.01,groceries
573,8,2025-05-09 10:00:00,37.1,6011,pix,BR,0,0,ATM SAQUE,1,0.005,cash
574,7,2025-01-28 23:00:00,62.67,6011,card,BR,0,0,ATM SAQUE,1,0.01,cash
575,43,2025-07-16 05:00:00,15.26,5411,card,BR,0,0,HIPER MAIS,1,0.01,groceries
576,32,2025-06-23 14:00:00,66.4,4111,card,BR,0,0,99 TAXI,1,0.01,transport
577,94,2025-01-10 07:00:00,30.3,5411,card,BR,0,0,SUPERMARKET SA,1,0.01,groceries
578,19,2025-01-04 13:00:00,25.37,4814,card,BR,0,0,TELCO BR,1,0.01,telecom
579,74,2025-02-25 15:00:00,18.1,5411,card,BR,0,0,HIPER MAIS,1,0.01,groceries
580,12,2025-01-12 10:00:00,26.8,5411,pix,BR,0,0,HIPER MAIS,1,0.005,groceries
581,80,2025-07-01 01:00:00,57.33,5942,card,BR,0,0,LIVRARIA CENTRAL,1,0.01,books
582,19,2025-04-25 04:00:00,25.45,6011,card,BR,0,0,ATM SAQUE,3,0.01,cash
583,61,2025-01-04 07:00:00,18.75,5812,pix,BR,0,0,BURGER PLACE,2,0.005,dining
584,37,2025-06-19 01:00:00,19.88,5411,card,BR,0,0,SUPERMARKET SA,1,0.01,groceries
585,69,2025-03-27 05:00:00,7.2,5411,pix,BR,0,0,SUPERMARKET SA,2,0.005,groceries
586,6,2025-04-15 11:00:00,20.41,6011,pix,BR,0,0,ATM SAQUE,1,0.005,cash
587,53,2025-06-28 06:00:00,29.21,5942,boleto,BR,0,0,LIVRARIA CENTRAL,1,0.015,books
588,78,2025-03-06 12:00:00,58.93,5732,card,BR,0,0,GADGET HUB,1,0.01,electronics
589,29,2025-07-11 13:00:00,38.87,4814,card,BR,0,0,TELCO BR,1,0.01,telecom
590,95,2025-05-12 09:00:00,26.67,5411,card,BR,0,0,HIPER MAIS,1,0.01,groceries
591,17,2025-01-01 06:00:00,29.32,5812,pix,BR,0,0,SUSHI RIO,1,0.005,dining
592,73,2025-07-14 06:00:00,8.54,5812,card,BR,0,0,PIZZA & CO,1,0.01,dining
593,118,2025-02-12 12:00:00,22.32,4111,card,BR,0,0,UBER *TRIP,1,0.01,transport
594,50,2025-05-19 19:00:00,11.42,4814,card,BR,0,0,MOBILE FAST,1,0.01,telecom
595,71,2025-06-23 00:00:00,170.07,6011,card,BR,0,0,ATM SAQUE,2,0.01,cash
596,36,2025-02-06 10:00:00,56.13,5812,card,BR,0,0,BURGER PLACE,1,0.01,dining
597,3,2025-02-10 06:00:00,13.76,4111,card,BR,0,0,99 TAXI,1,0.01,transport
598,79,2025-02-22 15:00:00,47.32,5812,card,BR,0,0,BURGER PLACE,1,0.01,dining
599,52,2025-05-27 08:00:00,15.44,5411,pix,BR,0,0,HIPER MAIS,1,0.005,groceries
600,20,2025-03-01 21:00:00,29.58,4814,card,US,0,0,TELCO BR,1,0.01,telecom
601,38,2025-02-09 05:00:00,42.63,4814,card,BR,0,0,TELCO BR,1,0.01,telecom
602,33,2025-07-21 02:00:00,53.18,5411,card,US,0,0,SUPERMARKET SA,3,0.01,groceries
603,83,2025-07-26 14:00:00,35.81,6011,card,BR,0,0,ATM SAQUE,1,0.01,cash
604,107,2025-06-17 18:00:00,30.98,5942,pix,BR,0,0,BOOKS & MORE,1,0.005,books
605,116,2025-07-13 22:00:00,115.11,6011,card,BR,0,0,ATM SAQUE,2,0.01,cash
606,91,2025-03-26 19:00:00,29.04,5812,card,BR,0,0,PIZZA & CO,3,0.01,dining
607,88,2025-03-03 18:00:00,33.22,6011,card,BR,0,0,ATM SAQUE,1,0.01,cash
608,53,2025-06-04 04:00:00,8.41,4111,card,BR,0,0,LYFT *RIDE,1,0.01,transport
609,1,2025-03-05 08:00:00,51.17,5812,card,BR,0,0,BURGER PLACE,2,0.01,dining
610,55,2025-06-23 12:00:00,18.05,4111,pix,BR,0,0,LYFT *RIDE,1,0.005,transport
611,36,2025-01-13 19:00:00,23.89,4111,card,BR,0,0,99 TAXI,2,0.01,transport
612,27,2025-07-20 08:00:00,17.64,5999,card,BR,0,0,SHOP ONLINE,1,0.01,misc
613,28,2025-03-04 22:00:00,14.09,5411,boleto,BR,0,0,GROCERY MART,1,0.015,groceries
614,18,2025-05-18 22:00:00,27.86,5411,card,BR,0,0,GROCERY MART,1,0.01,groceries
615,87,2025-07-13 11:00:00,2.55,4111,card,BR,0,0,UBER *TRIP,1,0.01,transport
616,82,2025-06-03 19:00:00,29.18,5812,card,BR,0,0,PIZZA & CO,2,0.01,dining
617,108,2025-01-18 07:00:00,28.75,5942,card,BR,0,0,BOOKS & MORE,1,0.01,books
618,96,2025-06-17 18:00:00,19.73,4111,card,BR,0,0,99 TAXI,2,0.01,transport
619,90,2025-03-11 01:00:00,22.39,6011,card,BR,0,0,ATM SAQUE,1,0.01,cash
620,77,2025-04-27 11:00:00,44.41,5411,card,BR,0,0,HIPER MAIS,2,0.01,groceries
621,39,2025-05-23 07:00:00,30.76,5942,card,BR,0,0,LIVRARIA CENTRAL,1,0.01,books
622,110,2025-03-03 22:00:00,21.35,6011,card,BR,0,0,ATM SAQUE,3,0.01,cash
623,67,2025-06-18 14:00:00,52.29,4111,card,BR,0,0,UBER *TRIP,1,0.01,transport
624,30,2025-05-22 15:00:00,52.8,5812,card,BR,0,0,PIZZA & CO,6,0.01,dining
625,8,2025-05-30 15:00:00,7.43,6011,card,BR,0,0,ATM SAQUE,1,0.01,cash
626,118,2025-03-24 16:00:00,74.77,4111,card,BR,0,0,LYFT *RIDE,1,0.01,transport
627,49,2025-07-08 06:00:00,42.01,5942,card,BR,0,0,BOOKS & MORE,1,0.01,books
628,79,2025-03-21 13:00:00,35.71,5999,card,BR,0,0,MARKETPLACE XYZ,1,0.01,misc
629,42,2025-01-02 01:00:00,43.99,5411,card,BR,0,0,GROCERY MART,1,0.01,groceries
630,87,2025-05-17 20:00:00,27.67,4814,pix,BR,0,0,MOBILE FAST,1,0.005,telecom
631,87,2025-06-06 22:00:00,48.73,5411,card,BR,0,0,GROCERY MART,1,0.01,groceries
632,32,2025-07-26 23:00:00,15.72,6011,card,BR,0,0,ATM SAQUE,2,0.01,cash
633,63,2025-05-11 06:00:00,35.62,5411,pix,BR,0,0,SUPERMARKET SA,3,0.005,groceries
634,68,2025-01-16 00:00:00,40.66,5411,card,BR,0,0,SUPERMARKET SA,1,0.01,groceries
635,64,2025-07-04 02:00:00,51.11,4814,card,BR,0,0,TELCO BR,1,0.01,telecom
636,6,2025-01-03 13:00:00,82.44,4111,card,BR,0,0,99 TAXI,2,0.01,transport
637,53,2025-05-22 02:00:00,9.43,5411,card,BR,0,0,HIPER MAIS,1,0.01,groceries
638,22,2025-07-28 00:00:00,23.96,5812,card,BR,0,0,PIZZA & CO,1,0.01,dining
639,13,2025-03-24 21:00:00,5.39,6011,card,BR,0,0,ATM SAQUE,1,0.01,cash
640,88,2025-03-06 12:00:00,16.69,5732,card,BR,0,0,GADGET HUB,1,0.01,electronics
641,56,2025-06-10 00:00:00,15.1,5411,card,BR,0,0,HIPER MAIS,1,0.01,groceries
642,7,2025-01-20 19:00:00,73.3,6011,card,BR,0,1,ATM SAQUE,1,0.01,cash
643,101,2025-03-03 05:00:00,28.29,5411,pix,BR,0,0,HIPER MAIS,3,0.005,groceries
644,106,2025-02-11 22:00:00,76.99,4111,card,BR,0,0,LYFT *RIDE,1,0.01,transport
645,120,2025-07-10 22:00:00,24.3,4111,card,BR,0,0,99 TAXI,1,0.01,transport
646,10,2025-01-28 19:00:00,23.73,5812,card,BR,0,0,BURGER PLACE,1,0.01,dining
647,14,2025-03-22 16:00:00,24.53,5942,card,US,0,0,LIVRARIA CENTRAL,1,0.01,books
648,86,2025-03-14 19:00:00,16.4,5812,card,BR,0,0,SUSHI RIO,2,0.01,dining
649,40,2025-01-26 12:00:00,31.72,6011,card,BR,0,0,ATM SAQUE,2,0.01,cash
650,67,2025-03-07 04:00:00,20.08,5812,card,BR,0,0,PIZZA & CO,2,0.01,dining
651,14,2025-07-07 08:00:00,75.99,6011,card,BR,0,0,ATM SAQUE,1,0.01,cash
652,7,2025-02-09 18:00:00,3.32,5411,card,BR,0,0,GROCERY MART,1,0.01,groceries
653,63,2025-04-01 15:00:00,22.15,5999,card,BR,0,0,MARKETPLACE XYZ,1,0.01,misc
654,16,2025-03-27 09:00:00,18.21,5732,pix,BR,0,0,ELECTRO WORLD,1,0.005,electronics
655,74,2025-06-02 21:00:00,83.16,5942,card,BR,0,0,BOOKS & MORE,1,0.01,books
656,103,2025-06-10 13:00:00,25.18,5411,card,BR,0,0,SUPERMARKET SA,1,0.01,groceries
657,8,2025-02-25 13:00:00,13.43,5411,card,BR,0,0,HIPER MAIS,6,0.01,groceries
658,100,2025-01-08 10:00:00,41.85,6011,pix,BR,0,0,ATM SAQUE,1,0.005,cash
659,32,2025-06-29 00:00:00,7.26,5999,card,BR,0,0,MARKETPLACE XYZ,1,0.01,misc
660,16,2025-03-15 01:00:00,31.42,5942,card,BR,0,0,BOOKS & MORE,3,0.01,books
661,113,2025-07-19 10:00:00,14.75,4814,card,BR,0,0,TELCO BR,1,0.01,telecom
662,55,2025-07-21 19:00:00,33.33,4111,pix,BR,0,0,UBER *TRIP,1,0.005,transport
663,79,2025-07-22 13:00:00,16.87,6011,card,BR,0,0,ATM SAQUE,1,0.01,cash
664,16,2025-01-28 12:00:00,12.08,5999,boleto,BR,0,0,SHOP ONLINE,1,0.015,misc
665,95,2025-04-04 08:00:00,108.82,5411,card,BR,0,0,GROCERY MART,1,0.01,groceries
666,90,2025-06-19 08:00:00,10.43,6011,boleto,BR,0,0,ATM SAQUE,1,0.015,cash
667,7,2025-07-23 21:00:00,22.14,5411,card,BR,0,0,SUPERMARKET SA,2,0.01,groceries
668,23,2025-03-19 16:00:00,79.6,5411,card,BR,0,0,GROCERY MART,1,0.01,groceries
669,116,2025-05-02 03:00:00,34.68,5732,card,BR,0,0,ELECTRO WORLD,1,0.01,electronics
670,40,2025-01-25 13:00:00,49.54,5812,card,BR,0,0,BURGER PLACE,1,0.01,dining
671,22,2025-02-11 05:00:00,12.6,5812,card,BR,0,0,PIZZA & CO,2,0.01,dining
672,76,2025-04-17 19:00:00,19.85,5411,card,BR,0,0,HIPER MAIS,2,0.01,groceries
673,30,2025-07-12 14:00:00,15.65,5411,card,BR,0,0,GROCERY MART,3,0.01,groceries
674,62,2025-04-16 15:00:00,18.98,5812,boleto,BR,0,0,PIZZA & CO,3,0.015,dining
675,22,2025-03-26 04:00:00,30.0,6011,pix,BR,0,0,ATM SAQUE,1,0.005,cash
676,98,2025-03-22 10:00:00,14.74,5812,pix,BR,0,0,PIZZA & CO,1,0.005,dining
677,80,2025-06-21 05:00:00,26.13,5942,card,BR,0,0,LIVRARIA CENTRAL,2,0.01,books
678,32,2025-06-21 15:00:00,46.96,4111,card,BR,0,0,LYFT *RIDE,1,0.01,transport
679,41,2025-04-12 04:00:00,10.31,5812,card,BR,0,0,BURGER PLACE,1,0.01,dining
680,108,2025-04-24 10:00:00,129.54,4111,pix,BR,0,0,LYFT *RIDE,1,0.005,transport
681,119,2025-02-21 04:00:00,20.8,5411,boleto,BR,0,0,SUPERMARKET SA,6,0.015,groceries
682,2,2025-03-29 08:00:00,6.19,5812,card,BR,0,0,PIZZA & CO,1,0.01,dining
683,79,2025-04-14 17:00:00,20.24,6011,card,BR,0,0,ATM SAQUE,1,0.01,cash
684,34,2025-04-10 05:00:00,37.62,4111,boleto,BR,0,0,LYFT *RIDE,6,0.015,transport
685,120,2025-04-03 01:00:00,21.03,6011,card,BR,0,0,ATM SAQUE,1,0.01,cash
686,40,2025-07-12 04:00:00,12.52,4814,card,BR,0,0,TELCO BR,3,0.01,telecom
687,17,2025-06-18 22:00:00,43.77,5942,card,BR,0,0,LIVRARIA CENTRAL,1,0.01,books
688,18,2025-04-06 17:00:00,10.39,4814,card,BR,0,0,MOBILE FAST,1,0.01,telecom
689,22,2025-02-10 14:00:00,32.61,5999,card,BR,0,0,SHOP ONLINE,3,0.01,misc
690,119,2025-05-07 01:00:00,19.96,5411,card,BR,0,0,SUPERMARKET SA,1,0.01,groceries
691,71,2025-04-17 09:00:00,24.2,5812,card,BR,0,0,PIZZA & CO,3,0.01,dining
692,104,2025-05-20 23:00:00,34.36,5411,boleto,BR,0,0,HIPER MAIS,1,0.015,groceries
693,23,2025-05-25 08:00:00,35.62,5812,pix,US,0,0,PIZZA & CO,1,0.005,dining
694,25,2025-06-29 16:00:00,13.11,5942,card,BR,0,0,BOOKS & MORE,2,0.01,books
695,114,2025-05-09 06:00:00,19.45,4111,card,BR,0,0,LYFT *RIDE,2,0.01,transport
696,37,2025-04-18 10:00:00,78.85,4111,card,BR,0,0,LYFT *RIDE,1,0.01,transport
697,12,2025-04-15 04:00:00,54.55,4111,card,BR,0,0,LYFT *RIDE,2,0.01,transport
698,115,2025-06-21 17:00:00,14.73,4111,card,BR,0,0,99 TAXI,1,0.01,transport
699,14,2025-01-12 04:00:00,25.51,4111,card,BR,0,0,99 TAXI,1,0.01,transport
700,15,2025-04-28 17:00:00,23.66,6011,card,BR,0,0,ATM SAQUE,1,0.01,cash
701,32,2025-04-07 17:00:00,49.09,4111,card,BR,0,0,UBER *TRIP,1,0.01,transport
702,81,2025-01-12 12:00:00,31.95,5942,pix,BR,0,0,LIVRARIA CENTRAL,1,0.005,books
703,65,2025-03-15 01:00:00,33.58,5411,pix,BR,0,0,SUPERMARKET SA,1,0.005,groceries
704,14,2025-02-09 09:00:00,66.72,5942,card,BR,0,0,LIVRARIA CENTRAL,1,0.01,books
705,28,2025-02-26 15:00:00,45.81,4111,card,BR,0,0,UBER *TRIP,1,0.01,transport
706,75,2025-07-04 08:00:00,34.7,5411,card,BR,0,0,GROCERY MART,1,0.01,groceries
707,35,2025-06-14 14:00:00,42.83,5812,card,BR,0,0,BURGER PLACE,1,0.01,dining
708,51,2025-05-02 11:00:00,89.91,5411,pix,BR,0,0,HIPER MAIS,1,0.005,groceries
709,38,2025-02-10 20:00:00,10.1,6011,card,BR,0,0,ATM SAQUE,2,0.01,cash
710,98,2025-07-07 18:00:00,7.13,6011,pix,BR,0,0,ATM SAQUE,1,0.005,cash
711,15,2025-04-24 10:00:00,10.79,5411,card,BR,0,0,GROCERY MART,1,0.01,groceries
712,47,2025-07-01 14:00:00,53.85,5411,boleto,BR,0,0,SUPERMARKET SA,1,0.015,groceries
713,100,2025-07-07 20:00:00,13.5,4814,pix,BR,0,0,MOBILE FAST,2,0.005,telecom
714,25,2025-04-09 10:00:00,8.74,5999,card,BR,0,0,MARKETPLACE XYZ,1,0.01,misc
715,104,2025-04-01 00:00:00,51.86,6011,card,BR,0,0,ATM SAQUE,1,0.01,cash
716,56,2025-05-03 06:00:00,16.06,6011,card,BR,0,0,ATM SAQUE,1,0.01,cash
717,41,2025-01-03 09:00:00,35.99,5411,card,BR,0,0,GROCERY MART,1,0.01,groceries
718,53,2025-01-25 04:00:00,22.95,5812,card,BR,0,0,BURGER PLACE,1,0.01,dining
719,36,2025-04-08 06:00:00,12.15,5812,card,BR,0,0,SUSHI RIO,3,0.01,dining
720,38,2025-07-09 04:00:00,8.09,4814,card,BR,0,0,TELCO BR,1,0.01,telecom
721,78,2025-04-01 16:00:00,21.34,5732,pix,BR,0,0,GADGET HUB,1,0.005,electronics
722,61,2025-04-05 19:00:00,55.61,4111,card,BR,0,0,LYFT *RIDE,2,0.01,transport
723,6,2025-07-01 10:00:00,12.13,5942,card,BR,0,0,BOOKS & MORE,1,0.01,books
724,1,2025-05-25 21:00:00,9.05,4814,card,BR,0,0,TELCO BR,1,0.01,telecom
725,60,2025-05-26 08:00:00,8.11,5812,card,BR,0,0,SUSHI RIO,1,0.01,dining
726,10,2025-03-19 06:00:00,30.72,5812,pix,BR,0,0,SUSHI RIO,1,0.005,dining
727,8,2025-01-22 05:00:00,47.48,6011,card,BR,0,0,ATM SAQUE,1,0.01,cash
728,85,2025-03-15 11:00:00,7.87,4111,card,BR,0,0,UBER *TRIP,1,0.01,transport
729,73,2025-05-30 17:00:00,51.98,6011,card,BR,0,0,ATM SAQUE,1,0.01,cash
730,90,2025-07-26 08:00:00,13.51,5812,card,BR,0,0,PIZZA & CO,1,0.01,dining
731,29,2025-02-23 06:00:00,31.48,4814,pix,BR,0,0,MOBILE FAST,1,0.005,telecom
732,47,2025-03-24 15:00:00,15.32,5999,card,BR,0,0,SHOP ONLINE,3,0.01,misc
733,57,2025-06-10 18:00:00,14.38,6011,card,BR,0,0,ATM SAQUE,1,0.01,cash
734,53,2025-01-03 16:00:00,63.55,5812,pix,BR,0,0,SUSHI RIO,1,0.005,dining
735,84,2025-05-29 02:00:00,15.47,4111,card,BR,0,0,99 TAXI,1,0.01,transport
736,28,2025-07-02 01:00:00,60.63,5411,pix,BR,0,0,HIPER MAIS,2,0.005,groceries
737,120,2025-01-02 16:00:00,200.58,5411,card,BR,0,0,HIPER MAIS,1,0.01,groceries
738,26,2025-04-15 21:00:00,34.58,4111,card,BR,0,0,UBER *TRIP,1,0.01,transport
739,44,2025-03-12 15:00:00,22.17,6011,boleto,BR,0,0,ATM SAQUE,1,0.015,cash
740,43,2025-05-21 10:00:00,19.84,5411,card,BR,0,0,SUPERMARKET SA,1,0.01,groceries
741,71,2025-01-07 16:00:00,25.99,5732,pix,BR,0,0,ELECTRO WORLD,1,0.005,electronics
742,86,2025-05-21 19:00:00,84.83,5411,card,BR,0,0,GROCERY MART,1,0.01,groceries
743,108,2025-04-25 02:00:00,31.33,5812,card,BR,0,0,BURGER PLACE,1,0.01,dining
744,94,2025-07-06 03:00:00,38.04,6011,card,BR,0,0,ATM SAQUE,2,0.01,cash
745,75,2025-07-14 05:00:00,24.54,4814,card,BR,0,0,TELCO BR,2,0.01,telecom
746,14,2025-01-10 08:00:00,50.99,5411,boleto,BR,0,0,GROCERY MART,1,0.015,groceries
747,39,2025-01-13 04:00:00,5.59,4111,card,BR,0,0,LYFT *RIDE,3,0.01,transport
748,113,2025-04-18 12:00:00,38.69,6011,card,BR,0,0,ATM SAQUE,1,0.01,cash
749,56,2025-07-22 14:00:00,46.25,6011,card,BR,0,0,ATM SAQUE,1,0.01,cash
750,65,2025-06-14 05:00:00,71.92,4814,card,BR,0,0,TELCO BR,1,0.01,telecom
751,14,2025-01-30 11:00:00,13.75,6011,card,BR,0,0,ATM SAQUE,1,0.01,cash
752,96,2025-07-07 14:00:00,8.64,5411,card,BR,0,0,HIPER MAIS,2,0.01,groceries
753,83,2025-02-24 03:00:00,17.01,6011,boleto,BR,0,0,ATM SAQUE,1,0.015,cash
754,32,2025-02-17 07:00:00,27.88,5411,card,BR,0,1,GROCERY MART,1,0.01,groceries
755,87,2025-03-12 05:00:00,18.27,5812,card,BR,0,0,SUSHI RIO,1,0.01,dining
756,74,2025-05-28 09:00:00,38.85,4111,card,BR,0,0,LYFT *RIDE,1,0.01,transport
757,93,2025-05-11 08:00:00,24.15,5411,card,BR,0,0,SUPERMARKET SA,1,0.01,groceries
758,101,2025-04-09 01:00:00,51.25,5411,card,BR,0,0,HIPER MAIS,3,0.01,groceries
759,72,2025-06-06 16:00:00,15.91,5812,card,BR,0,0,BURGER PLACE,3,0.01,dining
760,19,2025-03-09 11:00:00,16.4,5411,pix,BR,0,0,HIPER MAIS,3,0.005,groceries
761,81,2025-05-09 10:00:00,12.54,6011,card,BR,0,0,ATM SAQUE,2,0.01,cash
762,85,2025-05-12 00:00:00,5.05,5411,boleto,BR,0,0,SUPERMARKET SA,1,0.015,groceries
763,65,2025-05-20 16:00:00,29.79,6011,pix,BR,0,0,ATM SAQUE,1,0.005,cash
764,28,2025-06-14 08:00:00,24.28,6011,card,BR,0,0,ATM SAQUE,1,0.01,cash
765,92,2025-07-05 15:00:00,8.72,5812,pix,BR,0,0,SUSHI RIO,6,0.005,dining
766,35,2025-07-27 04:00:00,23.47,6011,card,BR,0,0,ATM SAQUE,3,0.01,cash
767,12,2025-07-03 12:00:00,5.64,5411,card,BR,0,0,HIPER MAIS,1,0.01,groceries
768,76,2025-06-20 23:00:00,23.0,5812,card,BR,0,0,PIZZA & CO,6,0.01,dining
769,19,2025-07-25 00:00:00,14.53,4111,boleto,BR,0,0,LYFT *RIDE,1,0.015,transport
770,79,2025-04-16 14:00:00,53.19,4111,card,BR,0,0,99 TAXI,1,0.01,transport
771,61,2025-01-01 12:00:00,3.72,5411,card,BR,0,0,GROCERY MART,3,0.01,groceries
772,77,2025-05-21 08:00:00,9.8,6011,card,BR,0,0,ATM SAQUE,2,0.01,cash
773,87,2025-01-23 11:00:00,43.23,5942,pix,BR,0,0,BOOKS & MORE,1,0.005,books
774,26,2025-06-01 05:00:00,12.0,4814,card,BR,0,0,MOBILE FAST,1,0.01,telecom
775,108,2025-01-15 21:00:00,46.94,4111,pix,BR,0,0,99 TAXI,1,0.005,transport
776,82,2025-01-29 12:00:00,9.61,5942,pix,BR,0,0,BOOKS & MORE,1,0.005,books
777,60,2025-03-16 05:00:00,6.14,5942,card,BR,0,0,LIVRARIA CENTRAL,2,0.01,books
778,92,2025-05-30 18:00:00,40.26,5812,pix,BR,0,0,BURGER PLACE,2,0.005,dining
779,44,2025-02-08 18:00:00,61.97,5732,card,BR,0,0,ELECTRO WORLD,1,0.01,electronics
780,16,2025-06-06 00:00:00,33.5,5812,card,BR,0,0,BURGER PLACE,6,0.01,dining
781,97,2025-07-10 02:00:00,44.5,6011,card,BR,0,0,ATM SAQUE,2,0.01,cash
782,29,2025-02-08 20:00:00,31.44,4111,pix,BR,0,0,LYFT *RIDE,6,0.005,transport
783,120,2025-07-06 02:00:00,12.83,5411,pix,BR,0,0,HIPER MAIS,6,0.005,groceries
784,46,2025-04-18 10:00:00,25.65,6011,pix,BR,0,0,ATM SAQUE,1,0.005,cash
785,5,2025-06-24 16:00:00,14.09,6011,card,BR,0,0,ATM SAQUE,1,0.01,cash
786,103,2025-01-02 09:00:00,7.58,5411,card,BR,0,0,GROCERY MART,1,0.01,groceries
787,92,2025-06-28 19:00:00,67.93,4814,boleto,BR,0,0,MOBILE FAST,1,0.015,telecom
788,80,2025-04-09 20:00:00,19.69,5411,card,US,0,0,SUPERMARKET SA,1,0.01,groceries
789,75,2025-06-03 04:00:00,23.15,5411,card,BR,0,0,GROCERY MART,1,0.01,groceries
790,104,2025-06-25 20:00:00,41.88,5411,card,BR,0,0,HIPER MAIS,1,0.01,groceries
791,117,2025-04-30 10:00:00,81.01,4111,card,BR,0,0,99 TAXI,1,0.01,transport
792,97,2025-05-30 19:00:00,39.37,5732,card,BR,0,0,ELECTRO WORLD,2,0.01,electronics
793,116,2025-03-30 14:00:00,9.71,4111,boleto,US,0,0,LYFT *RIDE,3,0.015,transport
794,78,2025-07-18 20:00:00,40.99,5942,card,BR,0,0,LIVRARIA CENTRAL,1,0.01,books
795,37,2025-07-17 02:00:00,63.62,5411,card,BR,0,0,SUPERMARKET SA,1,0.01,groceries
796,101,2025-03-28 09:00:00,34.15,6011,card,BR,0,0,ATM SAQUE,1,0.01,cash
797,94,2025-01-09 14:00:00,34.86,5411,card,BR,0,0,HIPER MAIS,6,0.01,groceries
798,11,2025-01-22 11:00:00,26.79,4111,pix,BR,0,0,LYFT *RIDE,1,0.005,transport
799,79,2025-06-26 07:00:00,22.14,4111,pix,BR,0,0,99 TAXI,2,0.005,transport
800,96,2025-01-17 11:00:00,27.87,4111,pix,BR,0,0,99 TAXI,1,0.005,transport
801,71,2025-01-31 07:00:00,10.58,6011,card,BR,0,0,ATM SAQUE,1,0.01,cash
802,57,2025-05-02 03:00:00,50.35,5732,card,BR,0,0,GADGET HUB,1,0.01,electronics
803,36,2025-04-15 01:00:00,8.96,4111,pix,BR,0,0,UBER *TRIP,1,0.005,transport
804,55,2025-02-06 22:00:00,22.0,4111,card,BR,0,0,LYFT *RIDE,1,0.01,transport
805,64,2025-01-13 22:00:00,29.69,5411,card,BR,0,0,GROCERY MART,1,0.01,groceries
806,8,2025-05-01 19:00:00,12.69,4111,pix,BR,0,0,UBER *TRIP,1,0.005,transport
807,27,2025-03-04 21:00:00,5.96,4814,pix,BR,0,0,TELCO BR,1,0.005,telecom
808,12,2025-02-03 18:00:00,25.21,5411,card,BR,0,0,HIPER MAIS,1,0.01,groceries
809,31,2025-04-10 10:00:00,30.01,5812,card,BR,0,0,PIZZA & CO,2,0.01,dining
810,98,2025-07-26 23:00:00,51.44,5411,card,BR,0,0,HIPER MAIS,3,0.01,groceries
811,114,2025-07-01 15:00:00,15.37,6011,boleto,BR,0,0,ATM SAQUE,1,0.015,cash
812,51,2025-03-13 12:00:00,29.41,6011,pix,BR,0,0,ATM SAQUE,1,0.005,cash
813,66,2025-05-04 05:00:00,31.63,6011,card,BR,0,0,ATM SAQUE,1,0.01,cash
814,58,2025-05-01 04:00:00,28.13,4111,card,BR,0,0,LYFT *RIDE,1,0.01,transport
815,119,2025-05-08 20:00:00,23.96,6011,card,BR,0,0,ATM SAQUE,1,0.01,cash
816,68,2025-03-24 12:00:00,22.37,5411,card,BR,0,0,SUPERMARKET SA,1,0.01,groceries
817,101,2025-01-20 09:00:00,33.63,5942,card,BR,0,0,BOOKS & MORE,1,0.01,books
818,6,2025-06-12 10:00:00,34.51,5411,card,BR,0,0,GROCERY MART,2,0.01,groceries
819,116,2025-03-07 16:00:00,31.21,5812,pix,BR,0,0,SUSHI RIO,2,0.005,dining
820,95,2025-05-08 07:00:00,30.74,4814,card,BR,0,0,TELCO BR,1,0.01,telecom
821,9,2025-06-17 06:00:00,14.56,5411,card,BR,0,0,SUPERMARKET SA,1,0.01,groceries
822,112,2025-04-23 05:00:00,43.99,6011,pix,BR,0,0,ATM SAQUE,1,0.005,cash
823,73,2025-04-03 00:00:00,14.64,5732,card,BR,0,0,GADGET HUB,1,0.01,electronics
824,21,2025-01-02 12:00:00,33.54,5942,card,BR,0,0,BOOKS & MORE,1,0.01,books
825,9,2025-01-17 16:00:00,53.31,5411,card,BR,1,0,SUPERMARKET SA,1,0.01,groceries
826,64,2025-01-10 19:00:00,20.89,6011,pix,BR,0,0,ATM SAQUE,1,0.005,cash
827,86,2025-07-17 05:00:00,51.13,6011,card,BR,0,0,ATM SAQUE,1,0.01,cash
828,58,2025-07-24 07:00:00,17.1,5999,card,BR,0,0,SHOP ONLINE,1,0.01,misc
829,75,2025-03-02 18:00:00,29.26,5411,card,BR,0,0,HIPER MAIS,1,0.01,groceries
830,94,2025-05-14 05:00:00,31.49,6011,card,BR,0,0,ATM SAQUE,2,0.01,cash
831,26,2025-04-26 16:00:00,9.63,4111,card,BR,0,0,LYFT *RIDE,1,0.01,transport
832,41,2025-06-04 15:00:00,30.29,5732,card,US,0,0,ELECTRO WORLD,1,0.01,electronics
833,65,2025-07-14 03:00:00,9.5,5999,card,US,0,0,SHOP ONLINE,1,0.01,misc
834,73,2025-01-28 23:00:00,23.25,4814,card,BR,0,0,TELCO BR,6,0.01,telecom
835,74,2025-05-07 16:00:00,18.54,4111,card,BR,0,0,LYFT *RIDE,1,0.01,transport
836,98,2025-02-04 06:00:00,82.49,5812,pix,BR,0,0,SUSHI RIO,1,0.005,dining
837,49,2025-06-22 23:00:00,65.31,4814,card,BR,0,0,MOBILE FAST,1,0.01,telecom
838,70,2025-02-20 13:00:00,53.63,5411,card,BR,0,0,GROCERY MART,1,0.01,groceries
839,60,2025-06-05 04:00:00,17.48,6011,boleto,BR,0,0,ATM SAQUE,1,0.015,cash
840,45,2025-03-17 08:00:00,54.81,6011,card,BR,0,0,ATM SAQUE,1,0.01,cash
841,92,2025-02-11 05:00:00,32.12,5812,card,BR,0,0,BURGER PLACE,1,0.01,dining
842,79,2025-03-24 04:00:00,24.33,5411,card,BR,0,0,GROCERY MART,1,0.01,groceries
843,65,2025-06-06 06:00:00,23.68,4111,boleto,BR,0,0,99 TAXI,2,0.015,transport
844,39,2025-03-09 20:00:00,16.72,5812,boleto,BR,0,0,PIZZA & CO,2,0.015,dining
845,114,2025-07-11 18:00:00,49.6,4111,pix,BR,0,0,UBER *TRIP,1,0.005,transport
846,114,2025-02-06 22:00:00,61.96,4111,card,US,0,0,UBER *TRIP,1,0.01,transport
847,46,2025-04-01 18:00:00,77.81,4814,card,BR,0,0,TELCO BR,1,0.01,telecom
848,11,2025-05-22 07:00:00,26.28,4111,card,BR,0,0,LYFT *RIDE,1,0.01,transport
849,116,2025-04-09 20:00:00,29.25,5411,card,BR,0,0,HIPER MAIS,2,0.01,groceries
850,115,2025-04-14 18:00:00,39.74,6011,card,BR,0,0,ATM SAQUE,3,0.01,cash
851,95,2025-01-17 20:00:00,35.58,5812,pix,BR,0,0,BURGER PLACE,6,0.005,dining
852,95,2025-02-25 07:00:00,31.91,5411,pix,BR,0,0,SUPERMARKET SA,2,0.005,groceries
853,23,2025-07-20 19:00:00,35.88,5411,boleto,BR,0,0,SUPERMARKET SA,1,0.015,groceries
854,117,2025-06-05 01:00:00,18.43,5411,card,US,0,0,HIPER MAIS,1,0.01,groceries
855,62,2025-07-17 02:00:00,30.55,6011,card,BR,0,0,ATM SAQUE,1,0.01,cash
856,87,2025-02-14 10:00:00,5.84,4111,card,BR,0,0,99 TAXI,1,0.01,transport
857,20,2025-03-30 10:00:00,10.09,6011,card,BR,0,0,ATM SAQUE,2,0.01,cash
858,110,2025-01-17 10:00:00,42.22,5812,card,BR,0,0,SUSHI RIO,2,0.01,dining
859,120,2025-05-18 14:00:00,16.45,5812,card,BR,0,0,PIZZA & CO,1,0.01,dining
860,23,2025-03-08 16:00:00,24.69,5732,card,BR,1,0,GADGET HUB,1,0.01,electronics
861,87,2025-01-22 14:00:00,32.6,5812,card,US,0,0,PIZZA & CO,1,0.01,dining
862,40,2025-03-17 03:00:00,29.04,4111,card,BR,0,0,UBER *TRIP,1,0.01,transport
863,25,2025-04-28 15:00:00,46.25,6011,pix,BR,0,0,ATM SAQUE,3,0.005,cash
864,119,2025-01-04 11:00:00,9.75,5812,card,BR,0,0,SUSHI RIO,3,0.01,dining
865,94,2025-02-22 15:00:00,12.39,4111,pix,US,0,0,LYFT *RIDE,1,0.005,transport
866,77,2025-04-09 05:00:00,56.91,6011,boleto,BR,0,0,ATM SAQUE,1,0.015,cash
867,34,2025-03-20 13:00:00,27.3,5411,boleto,BR,0,0,GROCERY MART,1,0.015,groceries
868,97,2025-06-26 09:00:00,12.33,5812,card,BR,0,0,PIZZA & CO,1,0.01,dining
869,26,2025-07-06 05:00:00,14.71,4111,card,BR,0,0,99 TAXI,1,0.01,transport
870,14,2025-06-29 18:00:00,9.41,6011,card,BR,0,0,ATM SAQUE,1,0.01,cash
871,15,2025-05-22 19:00:00,12.3,5411,card,BR,0,0,HIPER MAIS,1,0.01,groceries
872,60,2025-06-29 15:00:00,13.94,6011,pix,US,0,0,ATM SAQUE,1,0.005,cash
873,88,2025-01-07 12:00:00,43.99,5411,card,BR,0,0,GROCERY MART,2,0.01,groceries
874,97,2025-04-23 06:00:00,8.38,5411,pix,BR,0,0,HIPER MAIS,1,0.005,groceries
875,55,2025-07-19 08:00:00,10.12,5942,card,BR,0,0,BOOKS & MORE,3,0.01,books
876,34,2025-04-04 04:00:00,28.7,5812,card,BR,0,0,SUSHI RIO,1,0.01,dining
877,69,2025-02-14 13:00:00,9.09,5732,pix,BR,0,0,GADGET HUB,1,0.005,electronics
878,91,2025-03-17 07:00:00,10.95,5411,card,BR,0,0,HIPER MAIS,1,0.01,groceries
879,23,2025-06-23 06:00:00,23.18,5411,card,BR,0,0,HIPER MAIS,1,0.01,groceries
880,16,2025-07-05 02:00:00,11.5,6011,card,BR,0,0,ATM SAQUE,1,0.01,cash
881,52,2025-03-17 01:00:00,30.12,5411,card,BR,0,0,SUPERMARKET SA,1,0.01,groceries
882,119,2025-02-11 09:00:00,32.27,5411,card,BR,0,0,SUPERMARKET SA,1,0.01,groceries
883,117,2025-01-08 09:00:00,22.44,4111,card,BR,0,0,99 TAXI,1,0.01,transport
884,76,2025-03-23 21:00:00,118.21,6011,card,BR,0,0,ATM SAQUE,1,0.01,cash
885,55,2025-06-05 16:00:00,16.75,4814,card,BR,0,0,MOBILE FAST,1,0.01,telecom
886,53,2025-07-25 16:00:00,99.26,4111,card,BR,0,0,UBER *TRIP,2,0.01,transport
887,49,2025-05-19 13:00:00,25.83,6011,boleto,BR,0,1,ATM SAQUE,1,0.015,cash
888,67,2025-07-28 08:00:00,23.83,6011,card,BR,0,0,ATM SAQUE,1,0.01,cash
889,45,2025-05-30 06:00:00,12.03,5812,pix,BR,0,0,PIZZA & CO,1,0.005,dining
890,119,2025-02-25 13:00:00,6.2,5411,card,BR,0,0,SUPERMARKET SA,1,0.01,groceries
891,18,2025-06-06 22:00:00,11.68,5942,pix,BR,0,0,LIVRARIA CENTRAL,1,0.005,books
892,69,2025-07-01 11:00:00,4.19,5411,card,BR,0,0,SUPERMARKET SA,2,0.01,groceries
893,23,2025-07-29 21:00:00,10.02,6011,card,BR,0,0,ATM SAQUE,1,0.01,cash
894,25,2025-01-17 10:00:00,64.29,6011,card,BR,0,0,ATM SAQUE,1,0.01,cash
895,7,2025-06-02 03:00:00,56.88,5812,card,BR,0,0,BURGER PLACE,1,0.01,dining
896,104,2025-01-24 12:00:00,51.99,4111,card,BR,0,0,99 TAXI,1,0.01,transport
897,96,2025-06-28 15:00:00,24.97,5812,pix,BR,0,0,BURGER PLACE,1,0.005,dining
898,110,2025-03-22 06:00:00,16.7,6011,pix,BR,0,0,ATM SAQUE,1,0.005,cash
899,12,2025-01-17 21:00:00,22.94,5812,card,BR,0,0,PIZZA & CO,1,0.01,dining
900,30,2025-07-17 08:00:00,70.98,5812,card,BR,0,0,PIZZA & CO,1,0.01,dining
901,65,2025-03-02 11:00:00,14.71,6011,pix,BR,0,0,ATM SAQUE,1,0.005,cash
902,112,2025-01-29 17:00:00,35.43,4111,card,BR,0,0,UBER *TRIP,3,0.01,transport
903,2,2025-07-11 06:00:00,4.32,5812,card,BR,0,0,SUSHI RIO,2,0.01,dining
904,77,2025-07-21 19:00:00,63.66,5732,pix,BR,0,0,GADGET HUB,1,0.005,electronics
905,70,2025-06-10 19:00:00,24.41,5411,card,BR,0,0,GROCERY MART,1,0.01,groceries
906,39,2025-05-04 00:00:00,13.19,5812,pix,BR,0,0,BURGER PLACE,2,0.005,dining
907,65,2025-04-26 04:00:00,24.55,5812,card,BR,0,0,PIZZA & CO,1,0.01,dining
908,82,2025-07-06 17:00:00,12.57,4814,pix,BR,0,0,MOBILE FAST,1,0.005,telecom
909,25,2025-05-02 01:00:00,18.75,5812,card,BR,0,0,SUSHI RIO,1,0.01,dining
910,29,2025-05-29 12:00:00,67.21,5812,card,BR,0,0,PIZZA & CO,1,0.01,dining
911,62,2025-01-08 23:00:00,32.8,6011,card,BR,0,0,ATM SAQUE,1,0.01,cash
912,40,2025-06-23 06:00:00,24.83,5812,card,BR,0,0,SUSHI RIO,3,0.01,dining
913,7,2025-05-20 16:00:00,48.97,5411,boleto,BR,0,0,GROCERY MART,1,0.015,groceries
914,54,2025-05-06 13:00:00,17.76,5411,card,BR,0,0,GROCERY MART,3,0.01,groceries
915,10,2025-06-19 10:00:00,14.81,5411,card,BR,0,0,GROCERY MART,1,0.01,groceries
916,78,2025-05-07 12:00:00,59.43,5411,card,BR,0,0,HIPER MAIS,6,0.01,groceries
917,71,2025-03-11 02:00:00,8.64,5411,card,BR,0,0,HIPER MAIS,1,0.01,groceries
918,119,2025-05-26 21:00:00,10.62,5942,card,BR,0,0,LIVRARIA CENTRAL,2,0.01,books
919,57,2025-03-30 01:00:00,90.61,5812,pix,BR,0,0,BURGER PLACE,1,0.005,dining
920,41,2025-03-19 17:00:00,58.92,4814,pix,BR,0,0,TELCO BR,1,0.005,telecom
921,33,2025-04-15 17:00:00,7.81,5812,card,BR,1,0,PIZZA & CO,1,0.01,dining
922,81,2025-06-24 14:00:00,18.42,5411,card,BR,0,0,GROCERY MART,1,0.01,groceries
923,49,2025-07-11 09:00:00,16.1,5812,card,BR,0,0,PIZZA & CO,1,0.01,dining
924,94,2025-06-06 15:00:00,8.98,5732,pix,BR,0,0,ELECTRO WORLD,1,0.005,electronics
925,92,2025-06-19 10:00:00,33.3,5411,card,BR,0,0,GROCERY MART,1,0.01,groceries
926,112,2025-07-03 15:00:00,10.13,5812,pix,BR,0,0,SUSHI RIO,1,0.005,dining
927,96,2025-01-30 16:00:00,50.68,5812,card,BR,0,0,BURGER PLACE,2,0.01,dining
928,94,2025-06-08 10:00:00,10.44,6011,card,BR,0,0,ATM SAQUE,1,0.01,cash
929,50,2025-02-04 04:00:00,42.83,5732,card,BR,0,0,GADGET HUB,1,0.01,electronics
930,56,2025-02-03 08:00:00,13.17,5411,pix,BR,0,0,SUPERMARKET SA,1,0.005,groceries
931,55,2025-07-26 05:00:00,49.08,5411,card,BR,0,0,HIPER MAIS,2,0.01,groceries
932,33,2025-07-03 21:00:00,22.18,4814,card,BR,0,0,TELCO BR,1,0.01,telecom
933,29,2025-02-22 21:00:00,71.28,5411,card,BR,0,0,GROCERY MART,1,0.01,groceries
934,6,2025-02-15 15:00:00,16.06,4111,pix,BR,0,0,UBER *TRIP,1,0.005,transport
935,79,2025-03-06 17:00:00,86.08,4111,card,BR,0,0,UBER *TRIP,1,0.01,transport
936,113,2025-07-11 16:00:00,13.59,6011,card,BR,0,0,ATM SAQUE,2,0.01,cash
937,76,2025-04-15 09:00:00,14.94,4111,card,BR,0,0,99 TAXI,1,0.01,transport
938,37,2025-01-01 18:00:00,21.5,5411,card,BR,0,0,HIPER MAIS,3,0.01,groceries
939,59,2025-05-03 12:00:00,12.63,5812,card,BR,0,0,SUSHI RIO,1,0.01,dining
940,113,2025-03-31 18:00:00,38.15,5411,card,BR,0,0,GROCERY MART,1,0.01,groceries
941,97,2025-07-14 18:00:00,21.64,5411,boleto,BR,0,0,SUPERMARKET SA,2,0.015,groceries
942,47,2025-05-29 08:00:00,37.13,6011,card,BR,0,0,ATM SAQUE,1,0.01,cash
943,78,2025-04-17 12:00:00,23.34,5812,card,BR,0,0,SUSHI RIO,1,0.01,dining
944,97,2025-06-06 23:00:00,52.29,5812,card,BR,0,0,BURGER PLACE,1,0.01,dining
945,8,2025-04-12 20:00:00,81.26,5999,card,BR,0,0,MARKETPLACE XYZ,3,0.01,misc
946,38,2025-04-19 04:00:00,34.4,6011,card,BR,0,0,ATM SAQUE,1,0.01,cash
947,81,2025-07-17 03:00:00,11.52,5812,pix,BR,0,0,SUSHI RIO,6,0.005,dining
948,6,2025-01-02 07:00:00,23.74,5411,card,BR,0,0,SUPERMARKET SA,1,0.01,groceries
949,102,2025-01-09 02:00:00,102.98,5411,card,BR,0,0,GROCERY MART,1,0.01,groceries
950,37,2025-04-26 15:00:00,27.61,6011,pix,BR,0,0,ATM SAQUE,1,0.005,cash
951,15,2025-03-29 08:00:00,11.61,5411,pix,BR,0,0,HIPER MAIS,1,0.005,groceries
952,41,2025-03-03 20:00:00,30.14,6011,card,US,0,0,ATM SAQUE,1,0.01,cash
953,100,2025-02-08 23:00:00,21.94,6011,pix,BR,0,0,ATM SAQUE,1,0.005,cash
954,52,2025-03-21 14:00:00,27.15,5732,pix,BR,0,0,ELECTRO WORLD,1,0.005,electronics
955,81,2025-02-04 03:00:00,21.12,5942,card,US,0,0,LIVRARIA CENTRAL,1,0.01,books
956,4,2025-07-25 14:00:00,82.5,6011,card,BR,0,0,ATM SAQUE,1,0.01,cash
957,87,2025-06-18 22:00:00,2.6,5411,card,BR,0,0,HIPER MAIS,3,0.01,groceries
958,92,2025-07-20 14:00:00,24.08,5411,pix,BR,0,0,HIPER MAIS,1,0.005,groceries
959,46,2025-01-13 09:00:00,33.88,4111,card,US,0,0,LYFT *RIDE,1,0.01,transport
960,41,2025-05-08 08:00:00,70.49,5732,card,BR,0,0,ELECTRO WORLD,6,0.01,electronics
961,39,2025-02-11 16:00:00,5.63,4814,card,BR,0,0,MOBILE FAST,1,0.01,telecom
962,60,2025-06-03 17:00:00,33.1,5812,boleto,BR,0,0,BURGER PLACE,3,0.015,dining
963,100,2025-03-10 22:00:00,40.73,4111,pix,BR,0,0,LYFT *RIDE,2,0.005,transport
964,97,2025-03-14 07:00:00,45.98,6011,card,BR,0,0,ATM SAQUE,1,0.01,cash
965,43,2025-04-16 04:00:00,21.21,5942,pix,BR,0,0,LIVRARIA CENTRAL,3,0.005,books
966,42,2025-06-22 09:00:00,25.91,4814,pix,BR,0,0,MOBILE FAST,1,0.005,telecom
967,57,2025-02-04 22:00:00,21.64,5411,card,BR,0,0,HIPER MAIS,1,0.01,groceries
968,67,2025-03-28 17:00:00,33.59,6011,card,BR,0,0,ATM SAQUE,3,0.01,cash
969,32,2025-07-11 23:00:00,56.92,5942,card,BR,0,0,BOOKS & MORE,1,0.01,books
970,51,2025-04-30 19:00:00,18.1,5812,card,BR,0,0,BURGER PLACE,1,0.01,dining
971,84,2025-07-18 21:00:00,14.07,5411,card,BR,0,0,HIPER MAIS,1,0.01,groceries
972,79,2025-06-25 03:00:00,34.77,6011,card,BR,0,0,ATM SAQUE,1,0.01,cash
973,93,2025-06-06 22:00:00,30.56,4814,boleto,BR,0,0,MOBILE FAST,1,0.015,telecom
974,44,2025-04-06 16:00:00,7.89,5411,card,BR,0,0,SUPERMARKET SA,1,0.01,groceries
975,20,2025-07-12 07:00:00,38.82,5411,card,BR,0,0,HIPER MAIS,1,0.01,groceries
976,97,2025-02-23 17:00:00,34.76,5411,pix,BR,0,0,SUPERMARKET SA,1,0.005,groceries
977,49,2025-04-25 11:00:00,18.88,5411,card,BR,0,0,SUPERMARKET SA,1,0.01,groceries
978,9,2025-03-24 04:00:00,26.44,5411,card,BR,0,0,SUPERMARKET SA,1,0.01,groceries
979,23,2025-06-23 17:00:00,26.21,5411,pix,BR,0,0,GROCERY MART,2,0.005,groceries
980,108,2025-03-30 11:00:00,24.96,5732,pix,BR,0,0,GADGET HUB,1,0.005,electronics
981,37,2025-07-20 20:00:00,38.99,5942,card,BR,0,0,LIVRARIA CENTRAL,3,0.01,books
982,34,2025-04-19 21:00:00,18.32,4111,card,BR,0,0,LYFT *RIDE,1,0.01,transport
983,99,2025-06-16 17:00:00,24.18,4111,card,BR,0,0,99 TAXI,2,0.01,transport
984,62,2025-05-03 05:00:00,20.12,5732,card,BR,0,0,ELECTRO WORLD,1,0.01,electronics
985,34,2025-02-10 13:00:00,10.48,4111,boleto,BR,0,0,UBER *TRIP,3,0.015,transport
986,116,2025-01-04 04:00:00,28.34,5942,card,BR,0,0,LIVRARIA CENTRAL,3,0.01,books
987,28,2025-06-14 16:00:00,66.88,4111,card,BR,0,0,99 TAXI,1,0.01,transport
988,14,2025-05-06 22:00:00,19.36,5732,card,BR,0,0,GADGET HUB,3,0.01,electronics
989,38,2025-06-16 03:00:00,47.02,6011,card,BR,0,0,ATM SAQUE,2,0.01,cash
990,72,2025-02-07 02:00:00,46.63,5411,card,BR,0,0,HIPER MAIS,1,0.01,groceries
991,100,2025-06-13 08:00:00,18.49,6011,card,BR,0,0,ATM SAQUE,6,0.01,cash
992,93,2025-01-11 06:00:00,14.27,4111,card,BR,0,0,UBER *TRIP,2,0.01,transport
993,23,2025-04-16 05:00:00,22.54,6011,card,BR,1,0,ATM SAQUE,2,0.01,cash
994,12,2025-07-15 05:00:00,8.07,5812,card,BR,0,0,BURGER PLACE,1,0.01,dining
995,118,2025-04-20 02:00:00,17.3,4111,card,BR,0,0,LYFT *RIDE,1,0.01,transport
996,66,2025-07-15 02:00:00,33.72,4111,card,BR,0,0,99 TAXI,3,0.01,transport
997,8,2025-03-22 10:00:00,162.95,6011,card,BR,0,0,ATM SAQUE,1,0.01,cash
998,98,2025-03-31 19:00:00,58.08,5411,card,BR,0,0,HIPER MAIS,1,0.01,groceries
999,7,2025-06-23 10:00:00,13.8,5411,card,BR,0,0,HIPER MAIS,1,0.01,groceries
1000,112,2025-01-21 21:00:00,55.48,5411,pix,BR,0,0,SUPERMARKET SA,6,0.005,groceries
1001,56,2025-07-13 19:00:00,48.63,6011,card,BR,0,0,ATM SAQUE,1,0.01,cash
1002,109,2025-06-21 03:00:00,36.36,5411,card,BR,0,0,GROCERY MART,2,0.01,groceries
1003,90,2025-07-18 09:00:00,10.18,4814,card,BR,0,0,MOBILE FAST,1,0.01,telecom
1004,91,2025-04-04 09:00:00,33.26,5812,pix,BR,0,0,BURGER PLACE,2,0.005,dining
1005,90,2025-06-01 02:00:00,22.18,5411,card,BR,0,0,SUPERMARKET SA,3,0.01,groceries
1006,69,2025-03-25 15:00:00,30.6,5812,card,BR,0,0,PIZZA & CO,1,0.01,dining
1007,78,2025-03-01 14:00:00,29.3,5942,card,BR,0,0,LIVRARIA CENTRAL,2,0.01,books
1008,6,2025-07-13 00:00:00,6.56,6011,card,BR,0,0,ATM SAQUE,1,0.01,cash
1009,113,2025-07-23 05:00:00,15.56,5411,card,BR,0,0,HIPER MAIS,1,0.01,groceries
1010,18,2025-07-21 03:00:00,31.6,5812,boleto,BR,0,0,BURGER PLACE,6,0.015,dining
1011,2,2025-06-03 21:00:00,46.85,6011,card,BR,0,0,ATM SAQUE,1,0.01,cash
1012,32,2025-07-22 19:00:00,29.48,5812,card,BR,0,0,BURGER PLACE,1,0.01,dining
1013,113,2025-02-07 08:00:00,43.46,4814,card,BR,0,0,TELCO BR,1,0.01,telecom
1014,48,2025-04-01 21:00:00,12.21,6011,pix,BR,0,0,ATM SAQUE,1,0.005,cash
1015,54,2025-03-06 12:00:00,14.09,5411,card,BR,0,0,HIPER MAIS,2,0.01,groceries
1016,46,2025-03-20 00:00:00,36.28,5812,card,BR,0,0,SUSHI RIO,1,0.01,dining
1017,35,2025-04-23 20:00:00,47.66,5732,boleto,BR,0,0,GADGET HUB,2,0.015,electronics
1018,72,2025-03-08 11:00:00,30.48,5411,card,BR,0,0,HIPER MAIS,6,0.01,groceries
1019,6,2025-02-23 02:00:00,9.49,5411,card,BR,0,0,SUPERMARKET SA,6,0.01,groceries
1020,68,2025-02-27 08:00:00,14.49,5411,boleto,BR,0,0,SUPERMARKET SA,1,0.015,groceries
1021,64,2025-06-16 11:00:00,73.78,6011,pix,BR,0,0,ATM SAQUE,1,0.005,cash
1022,93,2025-02-26 09:00:00,19.04,5942,pix,BR,0,0,LIVRARIA CENTRAL,1,0.005,books
1023,117,2025-06-13 06:00:00,46.59,5732,card,BR,0,0,ELECTRO WORLD,2,0.01,electronics
1024,104,2025-05-24 12:00:00,17.28,6011,card,BR,0,0,ATM SAQUE,1,0.01,cash
1025,47,2025-04-08 15:00:00,11.45,5732,card,BR,0,0,ELECTRO WORLD,1,0.01,electronics
1026,60,2025-05-22 16:00:00,29.11,5411,pix,BR,0,0,GROCERY MART,1,0.005,groceries
1027,90,2025-02-27 13:00:00,12.55,5411,pix,BR,0,0,HIPER MAIS,1,0.005,groceries
1028,76,2025-03-09 02:00:00,4.83,4814,card,BR,0,0,MOBILE FAST,1,0.01,telecom
1029,28,2025-03-30 01:00:00,45.25,5812,pix,BR,0,0,SUSHI RIO,1,0.005,dining
1030,32,2025-06-13 16:00:00,20.41,6011,card,BR,0,0,ATM SAQUE,1,0.01,cash
1031,33,2025-04-22 01:00:00,70.21,4111,card,BR,0,0,UBER *TRIP,1,0.01,transport
1032,42,2025-05-03 05:00:00,15.06,4111,pix,BR,0,0,UBER *TRIP,1,0.005,transport
1033,81,2025-01-02 06:00:00,35.75,5732,card,BR,0,0,GADGET HUB,2,0.01,electronics
1034,75,2025-05-21 03:00:00,30.02,4111,card,BR,0,0,UBER *TRIP,3,0.01,transport
1035,41,2025-01-28 05:00:00,37.68,5812,card,BR,0,0,BURGER PLACE,1,0.01,dining
1036,20,2025-01-30 01:00:00,65.21,5411,card,BR,0,0,HIPER MAIS,1,0.01,groceries
1037,14,2025-04-27 03:00:00,39.42,5812,pix,BR,1,0,PIZZA & CO,1,0.005,dining
1038,87,2025-01-02 01:00:00,23.14,6011,boleto,BR,0,0,ATM SAQUE,1,0.015,cash
1039,75,2025-04-20 13:00:00,36.51,5812,card,BR,0,0,PIZZA & CO,1,0.01,dining
1040,9,2025-03-29 23:00:00,7.78,5812,card,BR,0,0,PIZZA & CO,2,0.01,dining
1041,72,2025-03-12 08:00:00,32.08,4814,pix,BR,0,0,TELCO BR,2,0.005,telecom
1042,38,2025-05-24 20:00:00,12.11,5411,pix,BR,0,0,GROCERY MART,1,0.005,groceries
1043,107,2025-05-22 22:00:00,18.77,5411,card,BR,0,0,GROCERY MART,1,0.01,groceries
1044,8,2025-07-20 02:00:00,27.19,5812,pix,BR,0,0,SUSHI RIO,1,0.005,dining
1045,116,2025-06-21 23:00:00,22.55,6011,card,BR,0,0,ATM SAQUE,1,0.01,cash
1046,95,2025-01-12 21:00:00,42.95,5411,card,BR,0,0,HIPER MAIS,2,0.01,groceries
1047,88,2025-03-17 01:00:00,13.18,5411,card,BR,0,0,GROCERY MART,3,0.01,groceries
1048,104,2025-06-12 10:00:00,23.14,5999,pix,BR,0,0,SHOP ONLINE,1,0.005,misc
1049,110,2025-05-18 22:00:00,8.22,6011,pix,BR,0,0,ATM SAQUE,1,0.005,cash
1050,70,2025-07-01 13:00:00,12.1,6011,card,BR,0,0,ATM SAQUE,1,0.01,cash
1051,97,2025-04-10 02:00:00,10.32,5732,card,BR,0,0,GADGET HUB,1,0.01,electronics
1052,27,2025-02-10 10:00:00,11.49,5411,card,BR,0,0,GROCERY MART,3,0.01,groceries
1053,101,2025-03-20 11:00:00,12.73,5411,card,BR,0,0,SUPERMARKET SA,3,0.01,groceries
1054,22,2025-04-02 16:00:00,8.71,5411,boleto,BR,0,0,SUPERMARKET SA,1,0.015,groceries
1055,107,2025-02-19 17:00:00,8.86,5411,card,BR,0,0,HIPER MAIS,1,0.01,groceries
1056,89,2025-01-31 03:00:00,75.12,5942,card,BR,0,0,BOOKS & MORE,1,0.01,books
1057,1,2025-05-05 13:00:00,60.04,6011,card,BR,0,0,ATM SAQUE,1,0.01,cash
1058,91,2025-07-11 18:00:00,22.88,5411,boleto,BR,0,0,HIPER MAIS,1,0.015,groceries
1059,84,2025-05-14 05:00:00,40.55,5411,card,BR,0,0,SUPERMARKET SA,1,0.01,groceries
1060,54,2025-05-30 07:00:00,29.56,4814,card,BR,0,0,MOBILE FAST,1,0.01,telecom
1061,102,2025-06-01 10:00:00,82.03,5812,card,BR,0,0,SUSHI RIO,3,0.01,dining
1062,50,2025-02-13 07:00:00,45.73,5411,boleto,BR,0,0,GROCERY MART,1,0.015,groceries
1063,87,2025-02-07 19:00:00,20.61,4111,card,BR,0,0,LYFT *RIDE,2,0.01,transport
1064,80,2025-02-18 11:00:00,18.52,5411,pix,BR,0,0,HIPER MAIS,3,0.005,groceries
1065,52,2025-07-09 09:00:00,62.62,4111,pix,BR,0,0,LYFT *RIDE,1,0.005,transport
1066,17,2025-01-18 20:00:00,54.14,4111,boleto,BR,0,0,LYFT *RIDE,1,0.015,transport
1067,31,2025-04-24 03:00:00,22.26,5999,card,BR,0,0,SHOP ONLINE,2,0.01,misc
1068,97,2025-02-27 08:00:00,22.37,6011,card,BR,0,0,ATM SAQUE,1,0.01,cash
1069,119,2025-05-08 14:00:00,26.78,5812,card,BR,0,0,PIZZA & CO,1,0.01,dining
1070,15,2025-06-02 09:00:00,23.41,5732,card,BR,0,0,ELECTRO WORLD,6,0.01,electronics
1071,104,2025-05-06 11:00:00,15.89,5411,card,BR,0,0,SUPERMARKET SA,1,0.01,groceries
1072,75,2025-04-05 20:00:00,41.72,5812,card,BR,0,0,SUSHI RIO,1,0.01,dining
1073,81,2025-05-30 21:00:00,23.59,5942,card,BR,0,0,BOOKS & MORE,6,0.01,books
1074,63,2025-01-21 13:00:00,18.28,5942,card,BR,0,0,BOOKS & MORE,1,0.01,books
1075,80,2025-01-08 19:00:00,49.84,5411,card,BR,0,0,GROCERY MART,1,0.01,groceries
1076,95,2025-07-15 11:00:00,13.01,5942,pix,BR,0,0,BOOKS & MORE,1,0.005,books
1077,51,2025-06-16 20:00:00,24.82,5812,card,BR,0,0,BURGER PLACE,3,0.01,dining
1078,117,2025-02-03 04:00:00,8.44,5812,card,BR,0,0,BURGER PLACE,1,0.01,dining
1079,45,2025-01-04 20:00:00,6.36,5732,card,BR,0,0,ELECTRO WORLD,1,0.01,electronics
1080,49,2025-02-16 06:00:00,17.11,5942,card,BR,0,0,LIVRARIA CENTRAL,1,0.01,books
1081,3,2025-01-28 23:00:00,15.47,6011,card,BR,0,0,ATM SAQUE,1,0.01,cash
1082,14,2025-04-24 06:00:00,28.75,6011,card,BR,0,0,ATM SAQUE,2,0.01,cash
1083,111,2025-01-27 03:00:00,27.23,5942,card,BR,0,0,LIVRARIA CENTRAL,1,0.01,books
1084,77,2025-01-01 22:00:00,8.06,5411,card,BR,0,0,GROCERY MART,1,0.01,groceries
1085,73,2025-05-08 11:00:00,17.08,6011,card,BR,0,0,ATM SAQUE,2,0.01,cash
1086,69,2025-03-08 01:00:00,15.81,6011,card,BR,0,0,ATM SAQUE,1,0.01,cash
1087,26,2025-04-20 22:00:00,24.73,4814,card,BR,0,0,MOBILE FAST,1,0.01,telecom
1088,96,2025-03-30 06:00:00,31.24,5411,card,BR,0,0,SUPERMARKET SA,2,0.01,groceries
1089,46,2025-07-24 00:00:00,9.76,4111,card,BR,0,0,99 TAXI,1,0.01,transport
1090,36,2025-03-18 14:00:00,12.58,5411,boleto,BR,0,0,SUPERMARKET SA,2,0.015,groceries
1091,114,2025-07-15 11:00:00,23.02,4111,card,BR,0,0,99 TAXI,2,0.01,transport
1092,106,2025-05-28 15:00:00,55.66,5942,pix,BR,0,0,LIVRARIA CENTRAL,1,0.005,books
1093,80,2025-02-02 08:00:00,20.44,5411,card,BR,0,0,GROCERY MART,6,0.01,groceries
1094,5,2025-02-20 17:00:00,19.5,4111,card,BR,0,0,99 TAXI,2,0.01,transport
1095,53,2025-05-11 02:00:00,31.56,5411,card,BR,0,0,GROCERY MART,1,0.01,groceries
1096,98,2025-06-19 21:00:00,219.62,5812,card,BR,0,0,PIZZA & CO,1,0.01,dining
1097,120,2025-01-06 11:00:00,8.34,5411,pix,BR,0,0,SUPERMARKET SA,2,0.005,groceries
1098,30,2025-05-18 20:00:00,30.08,4111,pix,BR,0,0,LYFT *RIDE,1,0.005,transport
1099,108,2025-04-10 13:00:00,44.34,4814,card,BR,0,0,TELCO BR,1,0.01,telecom
1100,68,2025-06-20 10:00:00,13.34,4111,card,BR,0,0,UBER *TRIP,2,0.01,transport
1101,77,2025-03-04 14:00:00,36.34,5411,pix,BR,0,0,SUPERMARKET SA,6,0.005,groceries
1102,95,2025-02-27 00:00:00,22.15,5812,boleto,BR,0,0,BURGER PLACE,1,0.015,dining
1103,78,2025-01-26 09:00:00,30.67,5732,card,BR,0,0,GADGET HUB,6,0.01,electronics
1104,2,2025-05-31 11:00:00,42.39,5411,boleto,BR,0,0,SUPERMARKET SA,2,0.015,groceries
1105,109,2025-05-17 10:00:00,29.78,4111,card,BR,0,0,99 TAXI,2,0.01,transport
1106,30,2025-06-17 14:00:00,33.2,5942,card,BR,0,0,LIVRARIA CENTRAL,1,0.01,books
1107,35,2025-05-18 09:00:00,12.93,5411,card,BR,0,0,HIPER MAIS,3,0.01,groceries
1108,95,2025-02-01 17:00:00,15.49,5812,pix,BR,0,0,BURGER PLACE,1,0.005,dining
1109,89,2025-06-07 16:00:00,5.6,5942,card,BR,0,0,BOOKS & MORE,2,0.01,books
1110,37,2025-06-01 21:00:00,19.73,4111,card,BR,0,0,LYFT *RIDE,6,0.01,transport
1111,113,2025-04-27 10:00:00,24.59,5812,card,BR,0,0,BURGER PLACE,1,0.01,dining
1112,105,2025-03-30 05:00:00,21.55,4111,card,BR,0,0,UBER *TRIP,1,0.01,transport
1113,98,2025-04-22 08:00:00,21.25,4111,card,BR,0,0,UBER *TRIP,3,0.01,transport
1114,100,2025-01-10 18:00:00,28.73,5812,boleto,BR,0,0,BURGER PLACE,2,0.015,dining
1115,84,2025-02-04 23:00:00,15.91,5411,card,BR,0,0,GROCERY MART,1,0.01,groceries
1116,25,2025-06-20 09:00:00,30.65,5411,pix,BR,0,0,GROCERY MART,6,0.005,groceries
1117,52,2025-02-01 22:00:00,14.85,4111,card,BR,0,0,99 TAXI,3,0.01,transport
1118,75,2025-02-26 11:00:00,88.26,5411,card,BR,0,0,SUPERMARKET SA,1,0.01,groceries
1119,58,2025-07-23 00:00:00,22.04,6011,card,BR,0,0,ATM SAQUE,1,0.01,cash
1120,68,2025-06-20 00:00:00,49.27,5812,card,BR,0,0,SUSHI RIO,1,0.01,dining
1121,20,2025-04-18 11:00:00,50.6,4111,pix,BR,0,0,99 TAXI,1,0.005,transport
1122,99,2025-01-15 01:00:00,218.14,4814,boleto,BR,0,0,TELCO BR,1,0.015,telecom
1123,74,2025-01-12 11:00:00,16.91,6011,card,BR,0,0,ATM SAQUE,1,0.01,cash
1124,85,2025-06-30 03:00:00,34.06,5411,card,BR,0,0,HIPER MAIS,1,0.01,groceries
1125,12,2025-06-15 07:00:00,52.0,5942,card,BR,0,0,LIVRARIA CENTRAL,2,0.01,books
1126,50,2025-06-01 03:00:00,7.75,5411,pix,BR,0,0,HIPER MAIS,2,0.005,groceries
1127,57,2025-07-05 02:00:00,21.01,6011,card,BR,0,0,ATM SAQUE,1,0.01,cash
1128,55,2025-03-30 19:00:00,11.63,5411,card,BR,0,0,SUPERMARKET SA,1,0.01,groceries
1129,52,2025-06-29 19:00:00,18.98,5411,card,BR,0,0,HIPER MAIS,1,0.01,groceries
1130,35,2025-02-28 13:00:00,19.54,5411,card,BR,0,0,SUPERMARKET SA,3,0.01,groceries
1131,111,2025-04-09 15:00:00,14.18,6011,card,BR,0,0,ATM SAQUE,1,0.01,cash
1132,9,2025-02-06 18:00:00,8.81,5732,pix,BR,0,0,GADGET HUB,1,0.005,electronics
1133,96,2025-01-06 23:00:00,64.13,6011,card,BR,0,0,ATM SAQUE,1,0.01,cash
1134,75,2025-03-30 05:00:00,25.02,5812,card,BR,0,0,PIZZA & CO,1,0.01,dining
1135,55,2025-03-24 14:00:00,35.18,5732,pix,BR,0,0,GADGET HUB,2,0.005,electronics
1136,12,2025-01-09 08:00:00,26.51,5942,card,BR,0,0,LIVRARIA CENTRAL,1,0.01,books
1137,99,2025-04-08 12:00:00,43.9,5942,pix,BR,0,0,LIVRARIA CENTRAL,1,0.005,books
1138,16,2025-01-02 09:00:00,10.42,5411,card,BR,0,0,SUPERMARKET SA,1,0.01,groceries
1139,113,2025-02-23 12:00:00,23.95,4111,card,BR,0,0,99 TAXI,1,0.01,transport
1140,90,2025-02-09 05:00:00,61.67,4111,pix,BR,0,0,99 TAXI,1,0.005,transport
1141,28,2025-04-11 19:00:00,31.76,5812,card,BR,0,0,BURGER PLACE,1,0.01,dining
1142,13,2025-07-24 00:00:00,44.5,4111,card,US,0,0,LYFT *RIDE,1,0.01,transport
1143,80,2025-02-24 02:00:00,11.9,6011,pix,BR,0,0,ATM SAQUE,2,0.005,cash
1144,72,2025-05-01 21:00:00,62.59,4111,card,BR,0,0,99 TAXI,2,0.01,transport
1145,17,2025-06-13 03:00:00,14.82,5812,boleto,BR,0,0,BURGER PLACE,1,0.015,dining
1146,40,2025-02-12 18:00:00,14.39,4814,card,BR,0,0,TELCO BR,1,0.01,telecom
1147,107,2025-06-22 08:00:00,17.11,4111,card,BR,0,0,LYFT *RIDE,2,0.01,transport
1148,9,2025-03-18 17:00:00,17.71,4814,pix,BR,0,0,MOBILE FAST,1,0.005,telecom
1149,76,2025-02-03 18:00:00,20.59,6011,card,BR,0,0,ATM SAQUE,1,0.01,cash
1150,34,2025-02-24 15:00:00,44.37,6011,card,BR,0,0,ATM SAQUE,1,0.01,cash
1151,46,2025-03-08 01:00:00,24.51,5942,pix,BR,0,0,BOOKS & MORE,2,0.005,books
1152,85,2025-06-22 12:00:00,9.34,5942,pix,BR,0,0,LIVRARIA CENTRAL,2,0.005,books
1153,21,2025-05-31 11:00:00,11.36,5411,card,BR,0,0,HIPER MAIS,2,0.01,groceries
1154,43,2025-01-28 23:00:00,39.87,6011,pix,BR,0,0,ATM SAQUE,2,0.005,cash
1155,72,2025-03-17 11:00:00,187.42,5732,pix,BR,0,0,GADGET HUB,1,0.005,electronics
1156,20,2025-05-23 12:00:00,16.39,5812,pix,BR,0,0,PIZZA & CO,1,0.005,dining
1157,54,2025-01-15 22:00:00,48.7,5812,card,BR,0,0,SUSHI RIO,1,0.01,dining
1158,66,2025-01-26 02:00:00,42.93,4814,card,BR,0,0,MOBILE FAST,1,0.01,telecom
1159,49,2025-07-16 00:00:00,18.13,5812,card,BR,0,0,PIZZA & CO,3,0.01,dining
1160,108,2025-02-19 07:00:00,7.28,5812,card,BR,0,0,BURGER PLACE,1,0.01,dining
1161,68,2025-04-01 22:00:00,52.15,5411,card,BR,0,0,SUPERMARKET SA,1,0.01,groceries
1162,13,2025-02-06 12:00:00,5.64,5411,card,BR,0,0,SUPERMARKET SA,1,0.01,groceries
1163,63,2025-04-06 10:00:00,27.84,5942,pix,BR,0,0,BOOKS & MORE,1,0.005,books
1164,63,2025-02-24 13:00:00,26.68,4111,card,BR,0,0,UBER *TRIP,1,0.01,transport
1165,21,2025-05-23 03:00:00,47.78,5812,card,BR,0,0,BURGER PLACE,1,0.01,dining
1166,87,2025-07-17 05:00:00,26.36,5411,card,BR,0,0,HIPER MAIS,1,0.01,groceries
1167,1,2025-05-04 13:00:00,18.56,6011,card,BR,0,0,ATM SAQUE,1,0.01,cash
1168,66,2025-04-08 22:00:00,94.3,5411,card,BR,0,0,SUPERMARKET SA,1,0.01,groceries
1169,38,2025-06-24 05:00:00,15.53,5411,card,BR,0,0,HIPER MAIS,1,0.01,groceries
1170,114,2025-07-23 20:00:00,9.67,5812,pix,BR,0,0,BURGER PLACE,1,0.005,dining
1171,8,2025-02-20 06:00:00,32.19,5732,card,BR,0,0,GADGET HUB,2,0.01,electronics
1172,9,2025-04-15 08:00:00,11.76,5942,pix,BR,0,0,BOOKS & MORE,1,0.005,books
1173,34,2025-06-01 14:00:00,21.43,5411,card,BR,0,0,HIPER MAIS,1,0.01,groceries
1174,46,2025-05-07 01:00:00,21.99,6011,pix,BR,0,0,ATM SAQUE,1,0.005,cash
1175,52,2025-01-09 18:00:00,14.39,5812,card,BR,0,0,PIZZA & CO,1,0.01,dining
1176,69,2025-01-21 23:00:00,30.08,5411,card,BR,0,0,HIPER MAIS,2,0.01,groceries
1177,2,2025-02-19 05:00:00,34.74,5812,card,BR,0,0,BURGER PLACE,1,0.01,dining
1178,16,2025-03-31 05:00:00,72.3,5812,card,BR,0,0,BURGER PLACE,1,0.01,dining
1179,108,2025-05-05 01:00:00,7.83,5812,card,BR,0,0,SUSHI RIO,2,0.01,dining
1180,119,2025-02-09 00:00:00,29.94,6011,card,BR,0,0,ATM SAQUE,1,0.01,cash
1181,100,2025-01-13 07:00:00,20.54,4814,card,BR,0,0,TELCO BR,1,0.01,telecom
1182,107,2025-03-19 19:00:00,22.94,5942,card,BR,0,0,LIVRARIA CENTRAL,1,0.01,books
1183,79,2025-03-17 07:00:00,20.99,5942,card,BR,0,0,LIVRARIA CENTRAL,1,0.01,books
1184,55,2025-06-28 10:00:00,69.83,4111,card,BR,0,0,UBER *TRIP,1,0.01,transport
1185,61,2025-03-18 11:00:00,18.43,5942,card,BR,0,0,LIVRARIA CENTRAL,2,0.01,books
1186,62,2025-02-22 17:00:00,20.46,5411,pix,BR,0,0,GROCERY MART,1,0.005,groceries
1187,82,2025-03-17 23:00:00,53.71,5812,pix,BR,0,0,BURGER PLACE,1,0.005,dining
1188,4,2025-07-26 09:00:00,7.46,6011,card,BR,0,0,ATM SAQUE,1,0.01,cash
1189,7,2025-04-27 20:00:00,10.04,5411,boleto,BR,0,0,GROCERY MART,1,0.015,groceries
1190,88,2025-02-24 23:00:00,16.71,5942,pix,BR,0,0,LIVRARIA CENTRAL,1,0.005,books
1191,70,2025-02-12 17:00:00,39.78,4111,card,BR,1,0,UBER *TRIP,1,0.01,transport
1192,117,2025-05-24 18:00:00,32.62,4814,card,BR,0,0,MOBILE FAST,1,0.01,telecom
1193,22,2025-02-03 00:00:00,56.71,6011,boleto,BR,0,0,ATM SAQUE,1,0.015,cash
1194,97,2025-01-22 07:00:00,70.29,5411,card,BR,0,0,GROCERY MART,1,0.01,groceries
1195,52,2025-03-22 07:00:00,4.45,5732,card,BR,0,0,ELECTRO WORLD,1,0.01,electronics
1196,39,2025-02-05 04:00:00,40.62,5812,card,BR,0,0,SUSHI RIO,2,0.01,dining
1197,98,2025-06-08 11:00:00,20.94,4111,pix,BR,0,0,UBER *TRIP,3,0.005,transport
1198,65,2025-01-12 10:00:00,31.23,6011,card,BR,0,0,ATM SAQUE,1,0.01,cash
1199,38,2025-06-17 02:00:00,24.34,4111,card,BR,0,0,UBER *TRIP,6,0.01,transport
1200,107,2025-05-04 20:00:00,13.25,6011,card,BR,0,1,ATM SAQUE,2,0.01,cash
